ID,Cognateset_ID,Language_ID,ISO639P3code,English_Gloss,Concepticon_ID,Parameter_ID,Form,Class,Segments,Comment
1,1209-7,Gongxing,,"I",1209,1209,ŋa₄₂,7,ŋ a ⁴²,
2,1209-7,Jinman,,"I",1209,1209,õ₄₂,7,õ ⁴²,
3,1209-7,Mazhelong,,"I",1209,1209,ŋo₄₂,7,ŋ o ⁴²,
4,1209-7,Dashi,,"I",1209,1209,ŋõ₃₁,7,ŋ õ ³¹,
5,1209-7,Zhoucheng,,"I",1209,1209,ŋo₃₁,7,ŋ o ³¹,
6,1209-7,Jinxing,,"I",1209,1209,wõ₃₁,7,w õ ³¹,
7,1209-7,Tuolo,,"I",1209,1209,ŋɔ₂₁,7,ŋ ɔ ²¹,
8,1209-7,Enqi,,"I",1209,1209,ɴo₄₃,7,ɴ o ⁴³,
9,1209-7,Ega,,"I",1209,1209,ŋo₄₂,7,ŋ o ⁴²,
10,98-1,Gongxing,,"all",98,98,ʦʰæ₂₂ja₄₂,1,tsʰ æ ²² j a ⁴²,
11,98-202,Jinman,,"all",98,98,da₄₂t͡ʂɚ₂₂,202,d a ⁴² ʈʂ ə˞ ²²,
12,98-233,Mazhelong,,"all",98,98,so₂₁ji₂₁,233,s o ²¹ j i ²¹,
13,98-259,Dashi,,"all",98,98,ʨwan₄₂pu₅₅,259,tɕ w a n ⁴² p u ⁵⁵,
14,98-244,Zhoucheng,,"all",98,98,ji₃₁su₃₃,244,j i ³¹ s u ³³,
15,98-2,Jinxing,,"all",98,98,ʦa₃₅kɑ₂₁ʦi₃₃,2,ts a ³⁵ k ɑ ²¹ ts i ³³,
16,98-33,Tuolo,,"all",98,98,ʨʰa₅₅,33,tɕʰ a ⁵⁵,
17,98-3,Enqi,,"all",98,98,ʨa₂₄ʁo₂₁ʦi₂₂,3,tɕ a ²⁴ ʁ o ²¹ ts i ²²,
18,98-201,Ega,,"all",98,98,da₅₅ŋwa₂₂,201,d a ⁵⁵ ŋ w a ²²,
19,646-58,Gongxing,,"ashes",646,646,xwɛ₂₂ɕy₅₅ʁwa₁₂,58,x w ɛ ²² ɕ y ⁵⁵ ʁ w a ¹²,
20,646-88,Jinman,,"ashes",646,646,kʰwa₅₅la₂₁ɕu₅₅,88,kʰ w a ⁵⁵ l a ²¹ ɕ u ⁵⁵,
21,646-59,Mazhelong,,"ashes",646,646,xwa₃₁la₄₄su₅₅,59,x w a ³¹ l a ⁴⁴ s u ⁵⁵,
22,646-67,Zhoucheng,,"ashes",646,646,su₅₅,67,s u ⁵⁵,
23,646-67,Jinxing,,"ashes",646,646,su₅₅,67,s u ⁵⁵,
24,646-67,Tuolo,,"ashes",646,646,ʂɤ₅₅,67,ʂ ɤ ⁵⁵,
25,646-57,Enqi,,"ashes",646,646,xwi₂₂ɕu₂₄,57,x w i ²² ɕ u ²⁴,
26,646-59,Ega,,"ashes",646,646,xwa₅₅lo₂₁ɕu₅₅,59,x w a ⁵⁵ l o ²¹ ɕ u ⁵⁵,
27,1204-109,Gongxing,,"bark",1204,1204,d͡ʐi₁₂bi₂₁,109,ɖʐ i ¹² b i ²¹,
28,1204-131,Mazhelong,,"bark",1204,1204,ɕen₅₅pe₂₁,131,ɕ e n ⁵⁵ p e ²¹,
29,1204-109,Dashi,,"bark",1204,1204,t͡ʂɯ₂₁pe₂₁,109,ʈʂ ɯ ²¹ p e ²¹,
30,1204-109,Zhoucheng,,"bark",1204,1204,ʦɯ₃₁pe₂₁,109,ts ɯ ³¹ p e ²¹,
31,1204-109,Jinxing,,"bark",1204,1204,ʦɯ₃₁pe₂₁,109,ts ɯ ³¹ p e ²¹,
32,1204-109,Tuolo,,"bark",1204,1204,djɯ₂₁bi₃₅,109,d j ɯ ²¹ b i ³⁵,
33,1204-109,Enqi,,"bark",1204,1204,djɯ₄₃pi₂₁,109,d j ɯ ⁴³ p i ²¹,
34,1204-110,Ega,,"bark",1204,1204,ʥi₄₂ʨyj₂₁qa₅₅,110,dʑ i ⁴² tɕ y j ²¹ q a ⁵⁵,
35,1251-147,Gongxing,,"belly",1251,1251,ʐi₂₁,147,ʐ i ²¹,
36,1251-147,Jinman,,"belly",1251,1251,ʐɚ₄₂,147,ʐ ə˞ ⁴²,
37,1251-160,Mazhelong,,"belly",1251,1251,pɯ₄₄,160,p ɯ ⁴⁴,
38,1251-160,Dashi,,"belly",1251,1251,fo₄₄,160,f o ⁴⁴,
39,1251-160,Zhoucheng,,"belly",1251,1251,fɤ₄₄,160,f ɤ ⁴⁴,
40,1251-160,Jinxing,,"belly",1251,1251,fɤ₄₄,160,f ɤ ⁴⁴,
41,1251-160,Tuolo,,"belly",1251,1251,fɚ₄₂,160,f ə˞ ⁴²,
42,1251-160,Enqi,,"belly",1251,1251,fo₂₄,160,f o ²⁴,
43,1251-171,Ega,,"belly",1251,1251,xu₄₄qʰo₂₂,171,x u ⁴⁴ qʰ o ²²,
44,1202-191,Gongxing,,"big",1202,1202,da₄₂,191,d a ⁴²,
45,1202-191,Jinman,,"big",1202,1202,do₄₂,191,d o ⁴²,
46,1202-191,Mazhelong,,"big",1202,1202,do₄₂,191,d o ⁴²,
47,1202-191,Dashi,,"big",1202,1202,tow₄₂,191,t o w ⁴²,
48,1202-191,Zhoucheng,,"big",1202,1202,to₄₂,191,t o ⁴²,
49,1202-191,Jinxing,,"big",1202,1202,tow₄₂,191,t o w ⁴²,
50,1202-191,Tuolo,,"big",1202,1202,dɔ₂₁,191,d ɔ ²¹,
51,1202-191,Enqi,,"big",1202,1202,da₄₃,191,d a ⁴³,
52,1202-191,Ega,,"big",1202,1202,do₄₂,191,d o ⁴²,
53,937-203,Gongxing,,"bird",937,937,ʦu₂₄,203,ts u ²⁴,
54,937-203,Jinman,,"bird",937,937,ʦo₅₅,203,ts o ⁵⁵,
55,937-203,Mazhelong,,"bird",937,937,ʦo₄₄,203,ts o ⁴⁴,
56,937-203,Dashi,,"bird",937,937,ʦow₃₃,203,ts o w ³³,
57,937-203,Zhoucheng,,"bird",937,937,ʦow₄₄,203,ts o w ⁴⁴,
58,937-203,Jinxing,,"bird",937,937,ʦow₄₄,203,ts o w ⁴⁴,
59,937-203,Tuolo,,"bird",937,937,ʦu₄₂,203,ts u ⁴²,
60,937-203,Enqi,,"bird",937,937,ʦu₅₅,203,ts u ⁵⁵,
61,937-203,Ega,,"bird",937,937,ʦu₄₄,203,ts u ⁴⁴,
62,1403-214,Gongxing,,"bite",1403,1403,ŋa₂₄,214,ŋ a ²⁴,
63,1403-214,Jinman,,"bite",1403,1403,ŋa₄₄,214,ŋ a ⁴⁴,
64,1403-214,Mazhelong,,"bite",1403,1403,ŋɑ₄₄,214,ŋ ɑ ⁴⁴,
65,1403-214,Dashi,,"bite",1403,1403,ɣaŋ₄₄,214,ɣ a ŋ ⁴⁴,
66,1403-214,Zhoucheng,,"bite",1403,1403,ŋa₄₄,214,ŋ a ⁴⁴,
67,1403-214,Jinxing,,"bite",1403,1403,ɑ̃₄₄,214,ɑ̃ ⁴⁴,
68,1403-214,Tuolo,,"bite",1403,1403,ŋɔ₄₂,214,ŋ ɔ ⁴²,
69,1403-214,Enqi,,"bite",1403,1403,ɴa₅₅,214,ɴ a ⁵⁵,
70,1403-214,Ega,,"bite",1403,1403,ŋo₄₄,214,ŋ o ⁴⁴,
71,163-215,Gongxing,,"black",163,163,χe₂₄,215,χ e ²⁴,
72,163-215,Jinman,,"black",163,163,xɯ₅₅,215,x ɯ ⁵⁵,
73,163-215,Mazhelong,,"black",163,163,xɯ₄₄,215,x ɯ ⁴⁴,
74,163-215,Dashi,,"black",163,163,xɯ₄₄,215,x ɯ ⁴⁴,
75,163-215,Zhoucheng,,"black",163,163,xɯ₄₄,215,x ɯ ⁴⁴,
76,163-215,Jinxing,,"black",163,163,xɯ₄₄,215,x ɯ ⁴⁴,
77,163-215,Tuolo,,"black",163,163,xɚ₄₂,215,x ə˞ ⁴²,
78,163-215,Enqi,,"black",163,163,χɯ₅₅,215,χ ɯ ⁵⁵,
79,163-215,Ega,,"black",163,163,xɯ₄₄,215,x ɯ ⁴⁴,
80,946-216,Gongxing,,"blood",946,946,swa₂₄,216,s w a ²⁴,
81,946-216,Jinman,,"blood",946,946,swa₅₅,216,s w a ⁵⁵,
82,946-216,Mazhelong,,"blood",946,946,swa₄₄,216,s w a ⁴⁴,
83,946-216,Dashi,,"blood",946,946,sʰwa₄₄,216,sʰ w a ⁴⁴,
84,946-216,Zhoucheng,,"blood",946,946,swa₄₄,216,s w a ⁴⁴,
85,946-216,Jinxing,,"blood",946,946,swɑ₄₄,216,s w ɑ ⁴⁴,
86,946-216,Tuolo,,"blood",946,946,swɔ₄₂,216,s w ɔ ⁴²,
87,946-216,Enqi,,"blood",946,946,swa₅₅,216,s w a ⁵⁵,
88,946-216,Ega,,"blood",946,946,swa₄₄,216,s w a ⁴⁴,
89,1394-217,Gongxing,,"bone",1394,1394,qwa₂₄,217,q w a ²⁴,
90,1394-218,Jinman,,"bone",1394,1394,qwa₅₅ʦe₅₅,218,q w a ⁵⁵ ts e ⁵⁵,
91,1394-219,Mazhelong,,"bone",1394,1394,kwa₄₄twɤ₄₄,219,k w a ⁴⁴ t w ɤ ⁴⁴,
92,1394-219,Dashi,,"bone",1394,1394,kwa₄₄tjǝ₃₃,219,k w a ⁴⁴ t j ə ³³,
93,1394-219,Zhoucheng,,"bone",1394,1394,kwa₄₄tɯ₃₃,219,k w a ⁴⁴ t ɯ ³³,
94,1394-219,Jinxing,,"bone",1394,1394,kwɑ₄₄tǝ₄₂,219,k w ɑ ⁴⁴ t ə ⁴²,
95,1394-220,Tuolo,,"bone",1394,1394,ku₄₂djɯ₃₅ʦɛ₄₂,220,k u ⁴² d j ɯ ³⁵ ts ɛ ⁴²,
96,1394-217,Enqi,,"bone",1394,1394,qwa₅₅,217,q w a ⁵⁵,
97,1394-217,Ega,,"bone",1394,1394,qwa₄₄,217,q w a ⁴⁴,
98,1402-221,Gongxing,,"breast",1402,1402,ba₂₁,221,b a ²¹,
99,1402-221,Jinman,,"breast",1402,1402,pa₄₂,221,p a ⁴²,
100,1402-222,Mazhelong,,"breast",1402,1402,noŋ₃₃,222,n o ŋ ³³,
101,1402-221,Dashi,,"breast",1402,1402,pa₄₂,221,p a ⁴²,
102,1402-221,Zhoucheng,,"breast",1402,1402,pa₄₂,221,p a ⁴²,
103,1402-221,Jinxing,,"breast",1402,1402,pɑ₄₂,221,p ɑ ⁴²,
104,1402-221,Tuolo,,"breast",1402,1402,bo₄₂,221,b o ⁴²,
105,1402-221,Enqi,,"breast",1402,1402,pa₂₁,221,p a ²¹,
106,1402-221,Ega,,"breast",1402,1402,pa₄₂,221,p a ⁴²,
107,141-223,Gongxing,,"burn",141,141,ɕy₂₂,223,ɕ y ²²,
108,141-224,Jinman,,"burn",141,141,fɤ₅₅ji₅₅,224,f ɤ ⁵⁵ j i ⁵⁵,
109,141-223,Mazhelong,,"burn",141,141,sɤ₅₅,223,s ɤ ⁵⁵,
110,141-223,Dashi,,"burn",141,141,ʂu₅₅,223,ʂ u ⁵⁵,
111,141-227,Zhoucheng,,"burn",141,141,ɲɯ₃₃,227,ɲ ɯ ³³,
112,141-227,Jinxing,,"burn",141,141,jĩ₃₃,227,j ĩ ³³,
113,141-227,Tuolo,,"burn",141,141,jen₃₃,227,j e n ³³,
114,141-228,Enqi,,"burn",141,141,xu₂₄,228,x u ²⁴,
115,141-225,Ega,,"burn",141,141,fi₂₂pɛ₂₂,225,f i ²² p ɛ ²²,
116,141-223,Gongxing,,"burn",141,141,ɕy₅₅,223,ɕ y ⁵⁵,
117,141-226,Mazhelong,,"burn",141,141,fi₃₃kʰǝɯ₅₅,226,f i ³³ kʰ əu ⁵⁵,
118,141-223,Zhoucheng,,"burn",141,141,su₅₅,223,s u ⁵⁵,
119,2128-229,Gongxing,,"claw (nail)",2128,2128,t͡ʂi₂₄qa₂₄,229,ʈʂ i ²⁴ q a ²⁴,
120,2128-230,Jinman,,"claw (nail)",2128,2128,qa₄₄,230,q a ⁴⁴,
121,2128-231,Mazhelong,,"claw (nail)",2128,2128,sǝɯ₃₃kɚ₄₄,231,s əu ³³ k ə˞ ⁴⁴,
122,2128-231,Dashi,,"claw (nail)",2128,2128,ʂɯ₃₃ka₄₄,231,ʂ ɯ ³³ k a ⁴⁴,
123,2128-231,Zhoucheng,,"claw (nail)",2128,2128,sɯ₃₃ka₄₄,231,s ɯ ³³ k a ⁴⁴,
124,2128-231,Jinxing,,"claw (nail)",2128,2128,sɯ₃₃ka₄₄,231,s ɯ ³³ k a ⁴⁴,
125,2128-231,Tuolo,,"claw (nail)",2128,2128,ɕɯ₃₃qa₄₂,231,ɕ ɯ ³³ q a ⁴²,
126,2128-229,Enqi,,"claw (nail)",2128,2128,tjɯ₂₁qa₂₄,229,t j ɯ ²¹ q a ²⁴,
127,2128-231,Ega,,"claw (nail)",2128,2128,ɕi₂₂qa₄₄,231,ɕ i ²² q a ⁴⁴,
128,1489-232,Gongxing,,"cloud",1489,1489,ŋɛ₁₂qǝ₅₅,232,ŋ ɛ ¹² q ə ⁵⁵,
129,1489-234,Jinman,,"cloud",1489,1489,mɯ₂₁ko₄₂,234,m ɯ ²¹ k o ⁴²,
130,1489-236,Mazhelong,,"cloud",1489,1489,ɥen₂₁pe₂₁,236,ɥ e n ²¹ p e ²¹,
131,1489-237,Dashi,,"cloud",1489,1489,vɤ̃₂₁nõ₂₁,237,v ɤ̃ ²¹ n õ ²¹,
132,1489-235,Zhoucheng,,"cloud",1489,1489,ɤ₂₁,235,ɤ ²¹,
133,1489-235,Jinxing,,"cloud",1489,1489,ɤ̃₂₁,235,ɤ̃ ²¹,
134,1489-232,Tuolo,,"cloud",1489,1489,ŋɔ₃₅qa₄₂,232,ŋ ɔ ³⁵ q a ⁴²,
135,1489-235,Enqi,,"cloud",1489,1489,ʁæ₂₁,235,ʁ æ ²¹,
136,1489-234,Ega,,"cloud",1489,1489,mɯ̃₂₁ko₄₂,234,m ɯ̃ ²¹ k o ⁴²,
137,1287-238,Gongxing,,"cold",1287,1287,ga₁₂,238,g a ¹²,
138,1287-239,Jinman,,"cold",1287,1287,kɯ₅₅,239,k ɯ ⁵⁵,
139,1287-239,Mazhelong,,"cold",1287,1287,kɯ₅₅,239,k ɯ ⁵⁵,
140,1287-239,Dashi,,"cold",1287,1287,kɯ₃₅,239,k ɯ ³⁵,
141,1287-239,Zhoucheng,,"cold",1287,1287,kɯ₃₅,239,k ɯ ³⁵,
142,1287-239,Jinxing,,"cold",1287,1287,kɯ₅₅,239,k ɯ ⁵⁵,
143,1287-239,Tuolo,,"cold",1287,1287,kɯ₅₅,239,k ɯ ⁵⁵,
144,1287-239,Enqi,,"cold",1287,1287,kɯ₂₄,239,k ɯ ²⁴,
145,1287-239,Ega,,"cold",1287,1287,kɯ₅₅,239,k ɯ ⁵⁵,
146,1287-239,Dashi,,"cold",1287,1287,ka₂₁,239,k a ²¹,
147,1287-238,Jinxing,,"cold",1287,1287,kɑ₂₁,238,k ɑ ²¹,
148,1446-241,Gongxing,,"come",1446,1446,ji₂₁kǝ₂₂,241,j i ²¹ k ə ²²,
149,1446-242,Jinman,,"come",1446,1446,ʨwa₅₅,242,tɕ w a ⁵⁵,
150,1446-243,Mazhelong,,"come",1446,1446,ɣǝɯ₂₁,243,ɣ əu ²¹,
151,1446-243,Dashi,,"come",1446,1446,ɣǝ₃₅,243,ɣ ə ³⁵,
152,1446-240,Zhoucheng,,"come",1446,1446,jɯ₃₅,240,j ɯ ³⁵,
153,1446-243,Jinxing,,"come",1446,1446,ɣǝ₃₅,243,ɣ ə ³⁵,
154,1446-245,Tuolo,,"come",1446,1446,t͡ʂʰo₄₂,245,ʈʂʰ o ⁴²,
155,1446-241,Enqi,,"come",1446,1446,ji₅₅ki₂₄,241,j i ⁵⁵ k i ²⁴,
156,1446-241,Ega,,"come",1446,1446,ji₅₅kɯ₂₂,241,j i ⁵⁵ k ɯ ²²,
157,1446-241,Tuolo,,"come",1446,1446,jɯ₃₃kɯ₅₅,241,j ɯ ³³ k ɯ ⁵⁵,
158,1494-246,Gongxing,,"die",1494,1494,ɕi₂₂,246,ɕ i ²²,
159,1494-246,Jinman,,"die",1494,1494,ɕi₂₂,246,ɕ i ²²,
160,1494-246,Mazhelong,,"die",1494,1494,ɕi₃₃,246,ɕ i ³³,
161,1494-246,Dashi,,"die",1494,1494,ɕi₃₃,246,ɕ i ³³,
162,1494-246,Zhoucheng,,"die",1494,1494,ɕi₃₃,246,ɕ i ³³,
163,1494-246,Jinxing,,"die",1494,1494,ɕi₃₃,246,ɕ i ³³,
164,1494-246,Tuolo,,"die",1494,1494,ɕi₃₃,246,ɕ i ³³,
165,1494-246,Enqi,,"die",1494,1494,si₂₂,246,s i ²²,
166,1494-246,Ega,,"die",1494,1494,si₂₂,246,s i ²²,
167,2009-247,Gongxing,,"dog",2009,2009,qʰwaŋ₂₂,247,qʰ w a ŋ ²²,
168,2009-247,Jinman,,"dog",2009,2009,qʰõ₂₂,247,qʰ õ ²²,
169,2009-247,Mazhelong,,"dog",2009,2009,kʰwaŋ₃₃,247,kʰ w a ŋ ³³,
170,2009-247,Dashi,,"dog",2009,2009,kʰwaŋ₃₃,247,kʰ w a ŋ ³³,
171,2009-247,Zhoucheng,,"dog",2009,2009,kʰwa₃₃,247,kʰ w a ³³,
172,2009-247,Jinxing,,"dog",2009,2009,kʰwɑ̃₃₃,247,kʰ w ɑ̃ ³³,
173,2009-247,Tuolo,,"dog",2009,2009,qʰwaŋ₃₃,247,qʰ w a ŋ ³³,
174,2009-247,Enqi,,"dog",2009,2009,qʰwa₂₂,247,qʰ w a ²²,
175,2009-247,Ega,,"dog",2009,2009,qʰwa₂₂,247,qʰ w a ²²,
176,1401-248,Gongxing,,"drink",1401,1401,ʔoŋ₂₂,248,ʔ o ŋ ²²,
177,1401-248,Jinman,,"drink",1401,1401,ɯ̃₂₂,248,ɯ̃ ²²,
178,1401-248,Mazhelong,,"drink",1401,1401,oŋ₃₃,248,o ŋ ³³,
179,1401-248,Dashi,,"drink",1401,1401,ǝ̃₃₃,248,ə̃ ³³,
180,1401-248,Zhoucheng,,"drink",1401,1401,ɯ₃₃,248,ɯ ³³,
181,1401-248,Jinxing,,"drink",1401,1401,ǝ̃₃₃,248,ə̃ ³³,
182,1401-248,Tuolo,,"drink",1401,1401,ɯ̃₃₃,248,ɯ̃ ³³,
183,1401-248,Enqi,,"drink",1401,1401,ɯ₂₂,248,ɯ ²²,
184,1401-248,Ega,,"drink",1401,1401,ɯ̃₂₂,248,ɯ̃ ²²,
185,1398-249,Gongxing,,"dry",1398,1398,qaŋ₅₅,249,q a ŋ ⁵⁵,
186,1398-249,Jinman,,"dry",1398,1398,qã₅₅,249,q ã ⁵⁵,
187,1398-249,Mazhelong,,"dry",1398,1398,kaŋ₅₅,249,k a ŋ ⁵⁵,
188,1398-249,Dashi,,"dry",1398,1398,kã₃₅,249,k ã ³⁵,
189,1398-249,Zhoucheng,,"dry",1398,1398,ka₃₅,249,k a ³⁵,
190,1398-249,Jinxing,,"dry",1398,1398,kɑ̃₅₅,249,k ɑ̃ ⁵⁵,
191,1398-249,Tuolo,,"dry",1398,1398,qɔŋ₅₅,249,q ɔ ŋ ⁵⁵,
192,1398-249,Enqi,,"dry",1398,1398,qa₂₄,249,q a ²⁴,
193,1398-249,Ega,,"dry",1398,1398,qo₅₅,249,q o ⁵⁵,
194,1247-250,Gongxing,,"ear",1247,1247,jaŋ₂₂kʰwaŋ₂₂,250,j a ŋ ²² kʰ w a ŋ ²²,
195,1247-252,Jinman,,"ear",1247,1247,ẽ₄₂ʨwẽ₂₂,252,ẽ ⁴² tɕ w ẽ ²²,
196,1247-251,Mazhelong,,"ear",1247,1247,jɛ₃₃kɛ₃₃pjen₂₁,251,j ɛ ³³ k ɛ ³³ p j e n ²¹,
197,1247-253,Dashi,,"ear",1247,1247,jen₃₃toŋ₃₁,253,j e n ³³ t o ŋ ³¹,
198,1247-254,Zhoucheng,,"ear",1247,1247,ɲow₃₃to₄₂,254,ɲ o w ³³ t o ⁴²,
199,1247-255,Jinxing,,"ear",1247,1247,jen₃₃tɯ₃₁kwɑ₅₅,255,j e n ³³ t ɯ ³¹ k w ɑ ⁵⁵,
200,1247-256,Tuolo,,"ear",1247,1247,wen₃₃zɥen₃₅,256,w e n ³³ z ɥ e n ³⁵,
201,1247-258,Enqi,,"ear",1247,1247,ŋu₂₂ʦu₂₁qʰwa₂₄,258,ŋ u ²² ts u ²¹ qʰ w a ²⁴,
202,1247-257,Ega,,"ear",1247,1247,ji₂₂ʨyj₂₁,257,j i ²² tɕ y j ²¹,
203,1228-260,Gongxing,,"earth",1228,1228,ʥi₄₂,260,dʑ i ⁴²,
204,1228-260,Jinman,,"earth",1228,1228,ʥi₄₂,260,dʑ i ⁴²,
205,1228-260,Mazhelong,,"earth",1228,1228,ti₂₁,260,t i ²¹,
206,1228-260,Dashi,,"earth",1228,1228,ʨi₃₁,260,tɕ i ³¹,
207,1228-260,Zhoucheng,,"earth",1228,1228,ʨi₃₁,260,tɕ i ³¹,
208,1228-260,Jinxing,,"earth",1228,1228,ʨi₃₁,260,tɕ i ³¹,
209,1228-260,Tuolo,,"earth",1228,1228,ʑi₂₁,260,ʑ i ²¹,
210,1228-260,Enqi,,"earth",1228,1228,ʥi₄₃,260,dʑ i ⁴³,
211,1228-261,Ega,,"earth",1228,1228,ʨi₄₂pa₂₂,261,tɕ i ⁴² p a ²²,
212,1336-262,Gongxing,,"eat",1336,1336,ju₂₄,262,j u ²⁴,
213,1336-262,Jinman,,"eat",1336,1336,ji₅₅,262,j i ⁵⁵,
214,1336-262,Mazhelong,,"eat",1336,1336,ji₄₄,262,j i ⁴⁴,
215,1336-262,Dashi,,"eat",1336,1336,jɯ₄₄,262,j ɯ ⁴⁴,
216,1336-262,Zhoucheng,,"eat",1336,1336,jɯ₄₄,262,j ɯ ⁴⁴,
217,1336-262,Jinxing,,"eat",1336,1336,jɯ₄₄,262,j ɯ ⁴⁴,
218,1336-262,Tuolo,,"eat",1336,1336,ju₄₂,262,j u ⁴²,
219,1336-262,Enqi,,"eat",1336,1336,jɯ₅₅,262,j ɯ ⁵⁵,
220,1336-262,Ega,,"eat",1336,1336,ji₄₄,262,j i ⁴⁴,
221,744-263,Gongxing,,"egg",744,744,sen₄₂,263,s e n ⁴²,
222,744-263,Jinman,,"egg",744,744,sẽ₄₂,263,s ẽ ⁴²,
223,744-263,Mazhelong,,"egg",744,744,sɛ₄₂,263,s ɛ ⁴²,
224,744-263,Dashi,,"egg",744,744,sen₄₂,263,s e n ⁴²,
225,744-263,Zhoucheng,,"egg",744,744,se₄₂,263,s e ⁴²,
226,744-263,Jinxing,,"egg",744,744,sen₄₂,263,s e n ⁴²,
227,744-263,Tuolo,,"egg",744,744,sen₂₁,263,s e n ²¹,
228,744-263,Enqi,,"egg",744,744,sɛ₄₃,263,s ɛ ⁴³,
229,744-263,Ega,,"egg",744,744,sɛ₄₂,263,s ɛ ⁴²,
230,1248-264,Gongxing,,"eye",1248,1248,wen₂₂,264,w e n ²²,
231,1248-264,Jinman,,"eye",1248,1248,mi₂₂,264,m i ²²,
232,1248-264,Mazhelong,,"eye",1248,1248,ŋwɛ₃₃,264,ŋ w ɛ ³³,
233,1248-264,Dashi,,"eye",1248,1248,wẽ₃₃,264,w ẽ ³³,
234,1248-264,Zhoucheng,,"eye",1248,1248,we₃₃,264,w e ³³,
235,1248-264,Jinxing,,"eye",1248,1248,wẽ₃₃,264,w ẽ ³³,
236,1248-264,Tuolo,,"eye",1248,1248,wen₃₃,264,w e n ³³,
237,1248-264,Enqi,,"eye",1248,1248,ŋwi₂₂,264,ŋ w i ²²,
238,1248-264,Ega,,"eye",1248,1248,ŋwi₂₂,264,ŋ w i ²²,
239,1406-200,Gongxing,,"far",1406,1406,tɥen₂₂,200,t ɥ e n ²²,
240,1406-200,Jinman,,"far",1406,1406,tyj₂₂,200,t y j ²²,
241,1406-200,Mazhelong,,"far",1406,1406,ʦwen₃₃,200,ts w e n ³³,
242,1406-200,Dashi,,"far",1406,1406,twen₃₃,200,t w e n ³³,
243,1406-200,Zhoucheng,,"far",1406,1406,twe₃₃,200,t w e ³³,
244,1406-200,Jinxing,,"far",1406,1406,twen₃₃,200,t w e n ³³,
245,1406-200,Tuolo,,"far",1406,1406,twe₃₃,200,t w e ³³,
246,1406-200,Enqi,,"far",1406,1406,tɥɛ₂₂,200,t ɥ ɛ ²²,
247,1406-200,Ega,,"far",1406,1406,ti₂₂,200,t i ²²,
248,323-265,Gongxing,,"fat",323,323,t͡ʂi₅₅,265,ʈʂ i ⁵⁵,
249,323-265,Jinman,,"fat",323,323,t͡ʂi₅₅,265,ʈʂ i ⁵⁵,
250,323-265,Mazhelong,,"fat",323,323,ʦi₅₅,265,ts i ⁵⁵,
251,323-265,Dashi,,"fat",323,323,t͡ʂi₅₅,265,ʈʂ i ⁵⁵,
252,323-266,Zhoucheng,,"fat",323,323,ʦi₃₅,266,ts i ³⁵,
253,323-265,Jinxing,,"fat",323,323,ʦi₅₅,265,ts i ⁵⁵,
254,323-265,Tuolo,,"fat",323,323,t͡ʂi₅₅,265,ʈʂ i ⁵⁵,
255,323-265,Enqi,,"fat",323,323,ʦi₂₄,265,ts i ²⁴,
256,323-265,Ega,,"fat",323,323,ʦɛ₅₅,265,ts ɛ ⁵⁵,
257,1201-267,Gongxing,,"feather",1201,1201,mi₁₂,267,m i ¹²,
258,1201-267,Jinman,,"feather",1201,1201,mje₂₁,267,m j e ²¹,
259,1201-267,Mazhelong,,"feather",1201,1201,me₂₁,267,m e ²¹,
260,1201-267,Dashi,,"feather",1201,1201,ma₂₁,267,m a ²¹,
261,1201-267,Zhoucheng,,"feather",1201,1201,ma₂₁,267,m a ²¹,
262,1201-267,Jinxing,,"feather",1201,1201,mɑ̃₂₁,267,m ɑ̃ ²¹,
263,1201-267,Tuolo,,"feather",1201,1201,me₃₅,267,m e ³⁵,
264,1201-267,Enqi,,"feather",1201,1201,mjɛ₂₁,267,m j ɛ ²¹,
265,1201-267,Ega,,"feather",1201,1201,mi₂₁,267,m i ²¹,
266,221-268,Gongxing,,"fire",221,221,xwɛ₂₂,268,x w ɛ ²²,
267,221-268,Jinman,,"fire",221,221,fi₂₂,268,f i ²²,
268,221-268,Mazhelong,,"fire",221,221,fi₃₃,268,f i ³³,
269,221-268,Dashi,,"fire",221,221,xwi₃₃,268,x w i ³³,
270,221-268,Zhoucheng,,"fire",221,221,xwi₃₃,268,x w i ³³,
271,221-268,Jinxing,,"fire",221,221,xwi₃₃,268,x w i ³³,
272,221-268,Tuolo,,"fire",221,221,xwe₃₃,268,x w e ³³,
273,221-268,Enqi,,"fire",221,221,xwi₂₂,268,x w i ²²,
274,221-268,Ega,,"fire",221,221,fi₂₂,268,f i ²²,
275,227-269,Gongxing,,"fish",227,227,ŋo₅₅,269,ŋ o ⁵⁵,
276,227-269,Jinman,,"fish",227,227,ŋu₅₅,269,ŋ u ⁵⁵,
277,227-269,Mazhelong,,"fish",227,227,oŋ₅₅,269,o ŋ ⁵⁵,
278,227-269,Dashi,,"fish",227,227,wɤ̃₃₅,269,w ɤ̃ ³⁵,
279,227-269,Zhoucheng,,"fish",227,227,ŋo₃₅,269,ŋ o ³⁵,
280,227-269,Jinxing,,"fish",227,227,ṃ₅₅,269,m̩ ⁵⁵,
281,227-269,Tuolo,,"fish",227,227,ŋɤ₅₅,269,ŋ ɤ ⁵⁵,
282,227-269,Enqi,,"fish",227,227,ŋo₂₄,269,ŋ o ²⁴,
283,227-269,Ega,,"fish",227,227,ŋu₅₅,269,ŋ u ⁵⁵,
284,1441-270,Gongxing,,"fly",1441,1441,p͡fu₅₅,270,pf u ⁵⁵,
285,1441-270,Jinman,,"fly",1441,1441,fi₅₅,270,f i ⁵⁵,
286,1441-270,Mazhelong,,"fly",1441,1441,pi₅₅,270,p i ⁵⁵,
287,1441-270,Dashi,,"fly",1441,1441,fɤ₃₅,270,f ɤ ³⁵,
288,1441-270,Zhoucheng,,"fly",1441,1441,fɤ₃₅,270,f ɤ ³⁵,
289,1441-270,Jinxing,,"fly",1441,1441,fɤ₅₅,270,f ɤ ⁵⁵,
290,1441-270,Tuolo,,"fly",1441,1441,fɚ₅₅,270,f ə˞ ⁵⁵,
291,1441-270,Enqi,,"fly",1441,1441,fɛ₂₄,270,f ɛ ²⁴,
292,1441-270,Ega,,"fly",1441,1441,xwɛ₅₅,270,x w ɛ ⁵⁵,
293,1301-271,Gongxing,,"foot",1301,1301,ku₂₄,271,k u ²⁴,
294,1301-271,Jinman,,"foot",1301,1301,ko₅₅,271,k o ⁵⁵,
295,1301-271,Mazhelong,,"foot",1301,1301,ko₄₄,271,k o ⁴⁴,
296,1301-271,Dashi,,"foot",1301,1301,kow₄₄,271,k o w ⁴⁴,
297,1301-271,Zhoucheng,,"foot",1301,1301,ko₄₄,271,k o ⁴⁴,
298,1301-271,Jinxing,,"foot",1301,1301,kow₄₄,271,k o w ⁴⁴,
299,1301-271,Tuolo,,"foot",1301,1301,ko₄₂,271,k o ⁴²,
300,1301-271,Enqi,,"foot",1301,1301,ku₅₅,271,k u ⁵⁵,
301,1301-271,Ega,,"foot",1301,1301,ku₄₄,271,k u ⁴⁴,
302,1429-272,Gongxing,,"full",1429,1429,mi₂₂,272,m i ²²,
303,1429-272,Jinman,,"full",1429,1429,me₂₂,272,m e ²²,
304,1429-272,Mazhelong,,"full",1429,1429,mɛ₃₃,272,m ɛ ³³,
305,1429-272,Dashi,,"full",1429,1429,ma₃₃,272,m a ³³,
306,1429-272,Zhoucheng,,"full",1429,1429,ma₃₃,272,m a ³³,
307,1429-272,Jinxing,,"full",1429,1429,mɑ̃₃₃,272,m ɑ̃ ³³,
308,1429-272,Tuolo,,"full",1429,1429,me₃₃,272,m e ³³,
309,1429-272,Enqi,,"full",1429,1429,mjɛ₂₂,272,m j ɛ ²²,
310,1429-272,Ega,,"full",1429,1429,mi₂₂,272,m i ²²,
311,1447-273,Gongxing,,"give",1447,1447,zi₄₂,273,z i ⁴²,
312,1447-273,Jinman,,"give",1447,1447,zi₄₂,273,z i ⁴²,
313,1447-273,Mazhelong,,"give",1447,1447,zǝɯ₂₁,273,z əu ²¹,
314,1447-273,Dashi,,"give",1447,1447,zi₂₁,273,z i ²¹,
315,1447-273,Zhoucheng,,"give",1447,1447,zɯ₄₂,273,z ɯ ⁴²,
316,1447-273,Jinxing,,"give",1447,1447,si₃₁,273,s i ³¹,
317,1447-273,Tuolo,,"give",1447,1447,zi₂₁,273,z i ²¹,
318,1447-273,Enqi,,"give",1447,1447,ʦi₄₃,273,ts i ⁴³,
319,1447-273,Ega,,"give",1447,1447,zi₄₂,273,z i ⁴²,
320,1035-274,Gongxing,,"good",1035,1035,ʣan₁₂,274,dz a n ¹²,
321,1035-275,Jinman,,"good",1035,1035,xo₂₂,275,x o ²²,
322,1035-275,Mazhelong,,"good",1035,1035,xǝ₃₃,275,x ə ³³,
323,1035-275,Dashi,,"good",1035,1035,xu₃₃,275,x u ³³,
324,1035-275,Zhoucheng,,"good",1035,1035,xu₃₃,275,x u ³³,
325,1035-275,Jinxing,,"good",1035,1035,xu₃₃,275,x u ³³,
326,1035-274,Tuolo,,"good",1035,1035,djaŋ₃₅,274,d j a ŋ ³⁵,
327,1035-274,Enqi,,"good",1035,1035,djæ₂₁,274,d j æ ²¹,
328,1035-275,Ega,,"good",1035,1035,xo₅₅,275,x o ⁵⁵,
329,1035-274,Dashi,,"good",1035,1035,ʨʰõ₄₄,274,tɕʰ õ ⁴⁴,
330,1035-274,Zhoucheng,,"good",1035,1035,ʨʰow₅₅,274,tɕʰ o w ⁵⁵,
331,1035-274,Jinxing,,"good",1035,1035,ʨʰõ₄₄,274,tɕʰ õ ⁴⁴,
332,1425-276,Gongxing,,"green",1425,1425,ʦʰan₂₄,276,tsʰ a n ²⁴,
333,1425-276,Jinman,,"green",1425,1425,ʨʰã₅₅,276,tɕʰ ã ⁵⁵,
334,1425-277,Mazhelong,,"green",1425,1425,lɤ₄₄,277,l ɤ ⁴⁴,
335,1425-277,Dashi,,"green",1425,1425,lo₄₄,277,l o ⁴⁴,
336,1425-277,Zhoucheng,,"green",1425,1425,lɤ₄₄,277,l ɤ ⁴⁴,
337,1425-277,Jinxing,,"green",1425,1425,lu₄₄,277,l u ⁴⁴,
338,1425-276,Tuolo,,"green",1425,1425,ʨʰaŋ₂₁,276,tɕʰ a ŋ ²¹,
339,1425-276,Enqi,,"green",1425,1425,ʨʰæ₂₄,276,tɕʰ æ ²⁴,
340,1425-276,Ega,,"green",1425,1425,ʨʰa₄₂,276,tɕʰ a ⁴²,
341,1040-278,Gongxing,,"hair",1040,1040,di₂₄mjɛ₁₂,278,d i ²⁴ m j ɛ ¹²,
342,1040-278,Jinman,,"hair",1040,1040,ʈe₂₁me₅₅,278,ʈ e ²¹ m e ⁵⁵,
343,1040-278,Mazhelong,,"hair",1040,1040,tɛ₂₁mɛ₅₅,278,t ɛ ²¹ m ɛ ⁵⁵,
344,1040-279,Dashi,,"hair",1040,1040,ɕa₄₄,279,ɕ a ⁴⁴,
345,1040-278,Zhoucheng,,"hair",1040,1040,tɯ₂₁ma₃₅,278,t ɯ ²¹ m a ³⁵,
346,1040-279,Jinxing,,"hair",1040,1040,ɕɔ₄₄,279,ɕ ɔ ⁴⁴,
347,1040-278,Tuolo,,"hair",1040,1040,djɯ₃₅me₅₅,278,d j ɯ ³⁵ m e ⁵⁵,
348,1040-278,Enqi,,"hair",1040,1040,tjɯ₂₁mjɛ₂₄,278,t j ɯ ²¹ m j ɛ ²⁴,
349,1040-278,Ega,,"hair",1040,1040,ti₂₁mi₅₅,278,t i ²¹ m i ⁵⁵,
350,1040-278,Jinxing,,"hair",1040,1040,tǝ₂₁mã₅₅,278,t ə ²¹ m ã ⁵⁵,
351,1277-280,Gongxing,,"hand",1277,1277,ʂi₂₂,280,ʂ i ²²,
352,1277-280,Jinman,,"hand",1277,1277,ɕi₂₂,280,ɕ i ²²,
353,1277-280,Mazhelong,,"hand",1277,1277,sǝɯ₃₃,280,s əu ³³,
354,1277-280,Dashi,,"hand",1277,1277,ʂʰɯ₃₃,280,ʂʰ ɯ ³³,
355,1277-280,Zhoucheng,,"hand",1277,1277,sɯ₃₃,280,s ɯ ³³,
356,1277-280,Jinxing,,"hand",1277,1277,sɯ₃₃,280,s ɯ ³³,
357,1277-280,Tuolo,,"hand",1277,1277,ɕɯ₃₃,280,ɕ ɯ ³³,
358,1277-280,Enqi,,"hand",1277,1277,ɕɯ₂₂,280,ɕ ɯ ²²,
359,1277-280,Ega,,"hand",1277,1277,ɕi₂₂,280,ɕ i ²²,
360,1256-281,Gongxing,,"head",1256,1256,di₁₂,281,d i ¹²,
361,1256-281,Jinman,,"head",1256,1256,ʈo₂₂,281,ʈ o ²²,
362,1256-282,Mazhelong,,"head",1256,1256,ta₄₂po₂₁,282,t a ⁴² p o ²¹,
363,1256-281,Dashi,,"head",1256,1256,ti₄₂,281,t i ⁴²,
364,1256-282,Zhoucheng,,"head",1256,1256,tɯ₃₁po₂₁,282,t ɯ ³¹ p o ²¹,
365,1256-281,Jinxing,,"head",1256,1256,tǝ₃₁,281,t ə ³¹,
366,1256-281,Tuolo,,"head",1256,1256,djɯ₃₅,281,d j ɯ ³⁵,
367,1256-281,Enqi,,"head",1256,1256,tiw₂₁,281,t i w ²¹,
368,1256-283,Ega,,"head",1256,1256,ʨu₂₂qa₅₅,283,tɕ u ²² q a ⁵⁵,
369,1408-284,Gongxing,,"hear",1408,1408,ʨʰjan₅₅,284,tɕʰ j a n ⁵⁵,
370,1408-284,Jinman,,"hear",1408,1408,ʨʰjã₅₅,284,tɕʰ j ã ⁵⁵,
371,1408-284,Mazhelong,,"hear",1408,1408,ʨʰɚ̃₅₅,284,tɕʰ ə̃˞ ⁵⁵,
372,1408-284,Dashi,,"hear",1408,1408,ʨʰjɚ̃₅₅,284,tɕʰ j ə̃˞ ⁵⁵,
373,1408-284,Zhoucheng,,"hear",1408,1408,ʨʰjɛ₅₅,284,tɕʰ j ɛ ⁵⁵,
374,1408-285,Jinxing,,"hear",1408,1408,ʨʰjan₅₅tǝ₃₃,285,tɕʰ j a n ⁵⁵ t ə ³³,
375,1408-284,Tuolo,,"hear",1408,1408,ʨʰjaŋ₅₅,284,tɕʰ j a ŋ ⁵⁵,
376,1408-284,Enqi,,"hear",1408,1408,ʨʰjæ₂₄,284,tɕʰ j æ ²⁴,
377,1408-284,Ega,,"hear",1408,1408,ʨʰja₅₅,284,tɕʰ j a ⁵⁵,
378,1223-4,Gongxing,,"heart",1223,1223,ɕin₅₅,4,ɕ i n ⁵⁵,
379,1223-4,Jinman,,"heart",1223,1223,sẽ₅₅,4,s ẽ ⁵⁵,
380,1223-4,Mazhelong,,"heart",1223,1223,ɕen₅₅,4,ɕ e n ⁵⁵,
381,1223-4,Dashi,,"heart",1223,1223,ɕen₅₅,4,ɕ e n ⁵⁵,
382,1223-4,Zhoucheng,,"heart",1223,1223,ɕi₃₅,4,ɕ i ³⁵,
383,1223-4,Jinxing,,"heart",1223,1223,ɕen₅₅,4,ɕ e n ⁵⁵,
384,1223-4,Tuolo,,"heart",1223,1223,ɕen₅₅,4,ɕ e n ⁵⁵,
385,1223-4,Enqi,,"heart",1223,1223,si₂₄,4,s i ²⁴,
386,1223-4,Ega,,"heart",1223,1223,sɛ₅₅,4,s ɛ ⁵⁵,
387,1210-204,Gongxing,,"heavy",1210,1210,ʣoŋ₂₂,204,dz o ŋ ²²,
388,1210-204,Jinman,,"heavy",1210,1210,ʥõ₂₂,204,dʑ õ ²²,
389,1210-204,Mazhelong,,"heavy",1210,1210,ʦõ₂₁,204,ts õ ²¹,
390,1210-204,Dashi,,"heavy",1210,1210,t͡ʂõ₃₃,204,ʈʂ õ ³³,
391,1210-204,Zhoucheng,,"heavy",1210,1210,ʦɤ₃₃,204,ts ɤ ³³,
392,1210-204,Jinxing,,"heavy",1210,1210,ʦɤ̃₃₃,204,ts ɤ̃ ³³,
393,1210-204,Tuolo,,"heavy",1210,1210,ʐɤŋ₃₃,204,ʐ ɤ ŋ ³³,
394,1210-204,Enqi,,"heavy",1210,1210,d͡ʐo₂₂,204,ɖʐ o ²²,
395,1210-204,Ega,,"heavy",1210,1210,ʥo₂₂,204,dʑ o ²²,
396,1393-5,Gongxing,,"horn",1393,1393,qwa₂₄,5,q w a ²⁴,
397,1393-5,Jinman,,"horn",1393,1393,qo₅₅,5,q o ⁵⁵,
398,1393-5,Mazhelong,,"horn",1393,1393,koŋ₄₄,5,k o ŋ ⁴⁴,
399,1393-5,Dashi,,"horn",1393,1393,ko₄₄,5,k o ⁴⁴,
400,1393-5,Zhoucheng,,"horn",1393,1393,kɤ₄₄,5,k ɤ ⁴⁴,
401,1393-5,Jinxing,,"horn",1393,1393,kɤ₄₄,5,k ɤ ⁴⁴,
402,1393-6,Tuolo,,"horn",1393,1393,qo₄₂qa₂₁,6,q o ⁴² q a ²¹,
403,1393-5,Enqi,,"horn",1393,1393,qo₅₅,5,q o ⁵⁵,
404,1393-5,Ega,,"horn",1393,1393,qo₄₄,5,q o ⁴⁴,
405,1417-8,Gongxing,,"kill",1417,1417,χa₂₄,8,χ a ²⁴,
406,1417-8,Jinman,,"kill",1417,1417,ɕa₅₅,8,ɕ a ⁵⁵,
407,1417-8,Mazhelong,,"kill",1417,1417,ɕa₄₄,8,ɕ a ⁴⁴,
408,1417-8,Dashi,,"kill",1417,1417,ɕʰa₄₄,8,ɕʰ a ⁴⁴,
409,1417-8,Zhoucheng,,"kill",1417,1417,ɕa₄₄,8,ɕ a ⁴⁴,
410,1417-8,Jinxing,,"kill",1417,1417,ɕɑ₄₄,8,ɕ ɑ ⁴⁴,
411,1417-8,Tuolo,,"kill",1417,1417,ɕɔ₄₂,8,ɕ ɔ ⁴²,
412,1417-8,Enqi,,"kill",1417,1417,xa₅₅,8,x a ⁵⁵,
413,1417-8,Ega,,"kill",1417,1417,ɕo₄₄,8,ɕ o ⁴⁴,
414,1371-11,Gongxing,,"knee",1371,1371,qa₅₅ʦi₂₂qa₅₅qa₄₂,11,q a ⁵⁵ ts i ²² q a ⁵⁵ q a ⁴²,
415,1371-9,Jinman,,"knee",1371,1371,ko₄₄ʦe₄₄,9,k o ⁴⁴ ts e ⁴⁴,
416,1371-12,Mazhelong,,"knee",1371,1371,ko₄₄ʦɛ₄₄tǝɯ₂₁,12,k o ⁴⁴ ts ɛ ⁴⁴ t əu ²¹,
417,1371-14,Dashi,,"knee",1371,1371,kʰwa₃₁tjow₃₁ʦe₄₄,14,kʰ w a ³¹ t j o w ³¹ ts e ⁴⁴,
418,1371-12,Zhoucheng,,"knee",1371,1371,kʰwa₃₃te₅₅tɯ₂₁,12,kʰ w a ³³ t e ⁵⁵ t ɯ ²¹,
419,1371-13,Jinxing,,"knee",1371,1371,kʰwɑ₃₁ʦɿ₃₃te₄₄kɔ₃₃,13,kʰ w ɑ ³¹ ts ɿ ³³ t e ⁴⁴ k ɔ ³³,
420,1371-15,Tuolo,,"knee",1371,1371,qʰoŋ₅₅mo₄₂qɔ₄₂,15,qʰ o ŋ ⁵⁵ m o ⁴² q ɔ ⁴²,
421,1371-10,Enqi,,"knee",1371,1371,qʰa₄₃ʦo₂₁qa₅₅,10,qʰ a ⁴³ ts o ²¹ q a ⁵⁵,
422,1371-10,Ega,,"knee",1371,1371,qʰo₄₂ʦu₂₁qo₅₅,10,qʰ o ⁴² ts u ²¹ q o ⁵⁵,
423,1410-16,Gongxing,,"know",1410,1410,t͡ʂi₄₂ʦʰwa₅₅,16,ʈʂ i ⁴² tsʰ w a ⁵⁵,
424,1410-17,Jinman,,"know",1410,1410,sɿ₄₄,17,s ɿ ⁴⁴,
425,1410-17,Mazhelong,,"know",1410,1410,sɯ₄₄,17,s ɯ ⁴⁴,
426,1410-17,Dashi,,"know",1410,1410,se₃₃,17,s e ³³,
427,1410-18,Zhoucheng,,"know",1410,1410,zɯ₄₄tɯ₄₄,18,z ɯ ⁴⁴ t ɯ ⁴⁴,
428,1410-17,Jinxing,,"know",1410,1410,sen₃₃,17,s e n ³³,
429,1410-16,Tuolo,,"know",1410,1410,t͡ʂɤ₅₅t͡ʂʰɤ₂₁,16,ʈʂ ɤ ⁵⁵ ʈʂʰ ɤ ²¹,
430,1410-17,Enqi,,"know",1410,1410,swɛ₂₂,17,s w ɛ ²²,
431,1410-17,Ega,,"know",1410,1410,si₄₄,17,s i ⁴⁴,
432,628-19,Gongxing,,"leaf",628,628,sɛ₂₄,19,s ɛ ²⁴,
433,628-19,Jinman,,"leaf",628,628,ʂɚ₅₅,19,ʂ ə˞ ⁵⁵,
434,628-19,Mazhelong,,"leaf",628,628,sɛ₄₄,19,s ɛ ⁴⁴,
435,628-19,Dashi,,"leaf",628,628,ʂʰe₄₄,19,ʂʰ e ⁴⁴,
436,628-19,Zhoucheng,,"leaf",628,628,se₄₄,19,s e ⁴⁴,
437,628-19,Jinxing,,"leaf",628,628,se₄₄,19,s e ⁴⁴,
438,628-20,Tuolo,,"leaf",628,628,djɯ₂₁mɯ₄₂ɕi₄₂,20,d j ɯ ²¹ m ɯ ⁴² ɕ i ⁴²,
439,628-19,Enqi,,"leaf",628,628,ɕɛ₅₅,19,ɕ ɛ ⁵⁵,
440,628-19,Ega,,"leaf",628,628,sɛ₄₄,19,s ɛ ⁴⁴,
441,1411-21,Gongxing,,"lie",1411,1411,nen₁₂,21,n e n ¹²,
442,1411-22,Jinman,,"lie",1411,1411,lo₂₁,22,l o ²¹,
443,1411-23,Mazhelong,,"lie",1411,1411,mi₅₅,23,m i ⁵⁵,
444,1411-24,Dashi,,"lie",1411,1411,t͡ʂʰɚ̃₃₃,24,ʈʂʰ ə̃˞ ³³,
445,1411-24,Zhoucheng,,"lie",1411,1411,ʦʰɛ₃₃,24,tsʰ ɛ ³³,
446,1411-24,Jinxing,,"lie",1411,1411,ʦʰan₃₃,24,tsʰ a n ³³,
447,1411-25,Tuolo,,"lie",1411,1411,ʐa₄₂,25,ʐ a ⁴²,
448,1411-26,Enqi,,"lie",1411,1411,to₂₄ʨi₂₂,26,t o ²⁴ tɕ i ²²,
449,1411-22,Ega,,"lie",1411,1411,lo₂₁,22,l o ²¹,
450,1224-27,Gongxing,,"liver",1224,1224,qaŋ₅₅,27,q a ŋ ⁵⁵,
451,1224-27,Jinman,,"liver",1224,1224,qã₅₅,27,q ã ⁵⁵,
452,1224-27,Mazhelong,,"liver",1224,1224,kaŋ₅₅,27,k a ŋ ⁵⁵,
453,1224-27,Dashi,,"liver",1224,1224,kã₃₅,27,k ã ³⁵,
454,1224-27,Zhoucheng,,"liver",1224,1224,ka₃₅,27,k a ³⁵,
455,1224-27,Jinxing,,"liver",1224,1224,kɑ₅₅,27,k ɑ ⁵⁵,
456,1224-27,Tuolo,,"liver",1224,1224,qɔŋ₅₅,27,q ɔ ŋ ⁵⁵,
457,1224-27,Enqi,,"liver",1224,1224,qa₂₄,27,q a ²⁴,
458,1224-27,Ega,,"liver",1224,1224,qo₅₅,27,q o ⁵⁵,
459,1203-28,Gongxing,,"long",1203,1203,ʥow₁₂,28,dʑ o w ¹²,
460,1203-28,Jinman,,"long",1203,1203,ʈõ₂₁,28,ʈ õ ²¹,
461,1203-28,Mazhelong,,"long",1203,1203,ʦoŋ₂₁,28,ts o ŋ ²¹,
462,1203-28,Dashi,,"long",1203,1203,t͡ʂõ₂₁,28,ʈʂ õ ²¹,
463,1203-28,Zhoucheng,,"long",1203,1203,ʦow₂₁,28,ts o w ²¹,
464,1203-28,Jinxing,,"long",1203,1203,ʦõ₂₁,28,ts õ ²¹,
465,1203-28,Tuolo,,"long",1203,1203,dɤ₃₅,28,d ɤ ³⁵,
466,1203-28,Enqi,,"long",1203,1203,tjo₂₁,28,t j o ²¹,
467,1203-28,Ega,,"long",1203,1203,ʨu₂₁,28,tɕ u ²¹,
468,1392-29,Gongxing,,"louse",1392,1392,ɕi₂₄,29,ɕ i ²⁴,
469,1392-29,Jinman,,"louse",1392,1392,ɕi₅₅,29,ɕ i ⁵⁵,
470,1392-29,Mazhelong,,"louse",1392,1392,ɕi₄₄,29,ɕ i ⁴⁴,
471,1392-29,Dashi,,"louse",1392,1392,ɕi₃₃,29,ɕ i ³³,
472,1392-29,Zhoucheng,,"louse",1392,1392,ɕe₄₄,29,ɕ e ⁴⁴,
473,1392-29,Jinxing,,"louse",1392,1392,ɕi₄₄,29,ɕ i ⁴⁴,
474,1392-29,Tuolo,,"louse",1392,1392,ɕi₄₂,29,ɕ i ⁴²,
475,1392-29,Enqi,,"louse",1392,1392,ɕi₅₅,29,ɕ i ⁵⁵,
476,1392-29,Ega,,"louse",1392,1392,ɕi₄₄,29,ɕ i ⁴⁴,
477,1554-30,Gongxing,,"man",1554,1554,ʦi₂₂,30,ts i ²²,
478,1554-32,Jinman,,"man",1554,1554,da₅₃xõ₅₅ʦi₂₂,32,d a ⁵³ x õ ⁵⁵ ts i ²²,
479,1554-30,Mazhelong,,"man",1554,1554,ʦi₃₃,30,ts i ³³,
480,1554-30,Dashi,,"man",1554,1554,ʦi₃₃,30,ts i ³³,
481,1554-30,Zhoucheng,,"man",1554,1554,ʦi₄₄,30,ts i ⁴⁴,
482,1554-30,Jinxing,,"man",1554,1554,ʦi₃₃,30,ts i ³³,
483,1554-34,Tuolo,,"man",1554,1554,ɕa₅₅tʰjo₂₁po₅₅,34,ɕ a ⁵⁵ tʰ j o ²¹ p o ⁵⁵,
484,1554-31,Enqi,,"man",1554,1554,da₄₃xo₂₄,31,d a ⁴³ x o ²⁴,
485,1554-32,Ega,,"man",1554,1554,do₄₂xõ₅₅ʦi₂₂,32,d o ⁴² x õ ⁵⁵ ts i ²²,
486,1198-35,Gongxing,,"many",1198,1198,ti₅₅,35,t i ⁵⁵,
487,1198-35,Jinman,,"many",1198,1198,ti₅₅,35,t i ⁵⁵,
488,1198-35,Mazhelong,,"many",1198,1198,ti₅₅,35,t i ⁵⁵,
489,1198-35,Dashi,,"many",1198,1198,ʨi₃₅,35,tɕ i ³⁵,
490,1198-35,Zhoucheng,,"many",1198,1198,ʨi₃₅,35,tɕ i ³⁵,
491,1198-35,Jinxing,,"many",1198,1198,ʨi₅₅,35,tɕ i ⁵⁵,
492,1198-35,Tuolo,,"many",1198,1198,ʨɯ₅₅,35,tɕ ɯ ⁵⁵,
493,1198-35,Enqi,,"many",1198,1198,ti₂₄,35,t i ²⁴,
494,1198-35,Ega,,"many",1198,1198,ti₅₅,35,t i ⁵⁵,
495,634-36,Gongxing,,"meat",634,634,ɢæ₁₂,36,ɢ æ ¹²,
496,634-36,Jinman,,"meat",634,634,qa₂₁,36,q a ²¹,
497,634-36,Mazhelong,,"meat",634,634,kɚ₂₁,36,k ə˞ ²¹,
498,634-36,Dashi,,"meat",634,634,kɚ₂₁,36,k ə˞ ²¹,
499,634-36,Zhoucheng,,"meat",634,634,kɛ₂₁,36,k ɛ ²¹,
500,634-36,Jinxing,,"meat",634,634,ka₂₁,36,k a ²¹,
501,634-36,Tuolo,,"meat",634,634,ʁa₃₅,36,ʁ a ³⁵,
502,634-36,Enqi,,"meat",634,634,qæ₂₁,36,q æ ²¹,
503,634-36,Ega,,"meat",634,634,qa₂₁,36,q a ²¹,
504,1313-37,Gongxing,,"moon",1313,1313,ɲi₂₄waŋ₅₅,37,ɲ i ²⁴ w a ŋ ⁵⁵,
505,1313-37,Jinman,,"moon",1313,1313,ɲo₅₅ŋõ₅₅,37,ɲ o ⁵⁵ ŋ õ ⁵⁵,
506,1313-37,Mazhelong,,"moon",1313,1313,mjen₅₅ŋwa₄₄,37,m j e n ⁵⁵ ŋ w a ⁴⁴,
507,1313-37,Dashi,,"moon",1313,1313,mi₅₅wã₄₄,37,m i ⁵⁵ w ã ⁴⁴,
508,1313-37,Zhoucheng,,"moon",1313,1313,mi₃₅wa₄₄,37,m i ³⁵ w a ⁴⁴,
509,1313-37,Jinxing,,"moon",1313,1313,mi₅₅wɑ̃₅₅,37,m i ⁵⁵ w ɑ̃ ⁵⁵,
510,1313-37,Tuolo,,"moon",1313,1313,jen₅₅wo₄₂,37,j e n ⁵⁵ w o ⁴²,
511,1313-37,Enqi,,"moon",1313,1313,mjɛ₂₄wa₅₅,37,m j ɛ ²⁴ w a ⁵⁵,
512,1313-37,Ega,,"moon",1313,1313,ɲa₅₅ŋwa₄₄,37,ɲ a ⁵⁵ ŋ w a ⁴⁴,
513,639-38,Gongxing,,"mountain",639,639,swa₄₂,38,s w a ⁴²,
514,639-38,Jinman,,"mountain",639,639,ʂɚ̃₅₅,38,ʂ ə̃˞ ⁵⁵,
515,639-38,Mazhelong,,"mountain",639,639,sen₅₅,38,s e n ⁵⁵,
516,639-38,Dashi,,"mountain",639,639,ʂo₄₂,38,ʂ o ⁴²,
517,639-38,Zhoucheng,,"mountain",639,639,sɤ₅₃,38,s ɤ ⁵³,
518,639-38,Jinxing,,"mountain",639,639,sɤ̃₄₂,38,s ɤ̃ ⁴²,
519,639-38,Tuolo,,"mountain",639,639,ɕen₅₅,38,ɕ e n ⁵⁵,
520,639-38,Enqi,,"mountain",639,639,ɕo₄₃,38,ɕ o ⁴³,
521,639-38,Ega,,"mountain",639,639,sɛ₅₅,38,s ɛ ⁵⁵,
522,674-40,Gongxing,,"mouth",674,674,ʦu₂₂qwɛ₅₅,40,ts u ²² q w ɛ ⁵⁵,
523,674-40,Jinman,,"mouth",674,674,ʨu₂₂kwe₅₅,40,tɕ u ²² k w e ⁵⁵,
524,674-42,Mazhelong,,"mouth",674,674,ʦwi₃₃,42,ts w i ³³,
525,674-39,Dashi,,"mouth",674,674,ʦwi₃₃,39,ts w i ³³,
526,674-40,Zhoucheng,,"mouth",674,674,ʨy₃₃kɤ₃₃,40,tɕ y ³³ k ɤ ³³,
527,674-40,Jinxing,,"mouth",674,674,ʨyj₃₃kwe₅₅,40,tɕ y j ³³ k w e ⁵⁵,
528,674-40,Tuolo,,"mouth",674,674,ʨu₃₃qwa₅₅,40,tɕ u ³³ q w a ⁵⁵,
529,674-40,Enqi,,"mouth",674,674,ʨu₂₂qwa₂₄,40,tɕ u ²² q w a ²⁴,
530,674-41,Ega,,"mouth",674,674,ʨu₂₂kwa₅₅qo₄₂,41,tɕ u ²² k w a ⁵⁵ q o ⁴²,
531,1405-43,Gongxing,,"name",1405,1405,ɲwɛ₅₅,43,ɲ w ɛ ⁵⁵,
532,1405-43,Jinman,,"name",1405,1405,ɲo₅₅,43,ɲ o ⁵⁵,
533,1405-43,Mazhelong,,"name",1405,1405,mjɚ₅₅,43,m j ə˞ ⁵⁵,
534,1405-43,Dashi,,"name",1405,1405,mjɚ₃₅,43,m j ə˞ ³⁵,
535,1405-43,Zhoucheng,,"name",1405,1405,mjɛ₃₅,43,m j ɛ ³⁵,
536,1405-43,Jinxing,,"name",1405,1405,mjan₅₅,43,m j a n ⁵⁵,
537,1405-43,Tuolo,,"name",1405,1405,ɲwa₅₅,43,ɲ w a ⁵⁵,
538,1405-43,Enqi,,"name",1405,1405,mjæ₂₄,43,m j æ ²⁴,
539,1405-43,Ega,,"name",1405,1405,ɲɥa₅₅,43,ɲ ɥ a ⁵⁵,
540,1942-205,Gongxing,,"near",1942,1942,ʥen₂₂,205,dʑ e n ²²,
541,1942-205,Jinman,,"near",1942,1942,ʦʰo₅₅,205,tsʰ o ⁵⁵,
542,1942-205,Mazhelong,,"near",1942,1942,ʨen₃₃,205,tɕ e n ³³,
543,1942-205,Dashi,,"near",1942,1942,ʨen₃₃,205,tɕ e n ³³,
544,1942-205,Zhoucheng,,"near",1942,1942,ʨe₃₃,205,tɕ e ³³,
545,1942-205,Jinxing,,"near",1942,1942,ʨen₃₃,205,tɕ e n ³³,
546,1942-206,Tuolo,,"near",1942,1942,jen₃₃,206,j e n ³³,
547,1942-205,Enqi,,"near",1942,1942,ʨi₂₂,205,tɕ i ²²,
548,1942-205,Ega,,"near",1942,1942,ʦʰo₅₅,205,tsʰ o ⁵⁵,
549,1333-44,Gongxing,,"neck",1333,1333,qoŋ₅₅noŋ₄₂,44,q o ŋ ⁵⁵ n o ŋ ⁴²,
550,1333-46,Jinman,,"neck",1333,1333,qo₄₂te₃₃me₄₂,46,q o ⁴² t e ³³ m e ⁴²,
551,1333-45,Mazhelong,,"neck",1333,1333,kɤ₄₂tɛ₅₅,45,k ɤ ⁴² t ɛ ⁵⁵,
552,1333-49,Dashi,,"neck",1333,1333,mjɚ₄₂tʰõ₅₅,49,m j ə˞ ⁴² tʰ õ ⁵⁵,
553,1333-50,Zhoucheng,,"neck",1333,1333,po₃₅ʦɿ₃₃ku₃₅,50,p o ³⁵ ts ɿ ³³ k u ³⁵,
554,1333-48,Jinxing,,"neck",1333,1333,kɤ₄₂mi₄₂ʦɿ₃₃,48,k ɤ ⁴² m i ⁴² ts ɿ ³³,
555,1333-47,Tuolo,,"neck",1333,1333,qoŋ₂₁mo₂₁,47,q o ŋ ²¹ m o ²¹,
556,1333-45,Enqi,,"neck",1333,1333,qo₄₃tæ₅₅,45,q o ⁴³ t æ ⁵⁵,
557,1333-46,Ega,,"neck",1333,1333,qo₄₂tɛ₄₄me₄₂,46,q o ⁴² t ɛ ⁴⁴ m e ⁴²,
558,1333-51,Dashi,,"neck",1333,1333,ɚ₄₄mjɚ₄₂,51,ə˞ ⁴⁴ m j ə˞ ⁴²,
559,1231-52,Gongxing,,"new",1231,1231,ɕen₅₅,52,ɕ e n ⁵⁵,
560,1231-52,Jinman,,"new",1231,1231,sẽ₅₅,52,s ẽ ⁵⁵,
561,1231-52,Mazhelong,,"new",1231,1231,ɕen₅₅,52,ɕ e n ⁵⁵,
562,1231-52,Dashi,,"new",1231,1231,ɕʰen₅₅,52,ɕʰ e n ⁵⁵,
563,1231-52,Zhoucheng,,"new",1231,1231,ɕi₃₅,52,ɕ i ³⁵,
564,1231-52,Jinxing,,"new",1231,1231,ɕen₅₅,52,ɕ e n ⁵⁵,
565,1231-52,Tuolo,,"new",1231,1231,ɕen₅₅,52,ɕ e n ⁵⁵,
566,1231-52,Enqi,,"new",1231,1231,si₂₄,52,s i ²⁴,
567,1231-52,Ega,,"new",1231,1231,sɛ₅₅,52,s ɛ ⁵⁵,
568,1233-53,Gongxing,,"night",1233,1233,ja₅₅xɯ₄₂,53,j a ⁵⁵ x ɯ ⁴²,
569,1233-54,Jinman,,"night",1233,1233,ɕa₅₅xɯ̃₄₂,54,ɕ a ⁵⁵ x ɯ̃ ⁴²,
570,1233-55,Mazhelong,,"night",1233,1233,ɕɚ₅₅pʰo₅₅,55,ɕ ə˞ ⁵⁵ pʰ o ⁵⁵,
571,1233-56,Dashi,,"night",1233,1233,pe₃₃kɚ₄₂,56,p e ³³ k ə˞ ⁴²,
572,1233-56,Zhoucheng,,"night",1233,1233,pe₃₃kɛ₄₂,56,p e ³³ k ɛ ⁴²,
573,1233-56,Jinxing,,"night",1233,1233,pẽ₅₅ka₄₂,56,p ẽ ⁵⁵ k a ⁴²,
574,1233-56,Tuolo,,"night",1233,1233,pɛ₃₃ʨa₂₁,56,p ɛ ³³ tɕ a ²¹,
575,1233-54,Enqi,,"night",1233,1233,ɕa₂₄xɯ₂₂,54,ɕ a ²⁴ x ɯ ²²,
576,1233-60,Ega,,"night",1233,1233,ɲi₄₄u₂₂,60,ɲ i ⁴⁴ u ²²,
577,1233-54,Tuolo,,"night",1233,1233,xa₄₂xɯ₂₁,54,x a ⁴² x ɯ ²¹,
578,1221-62,Gongxing,,"nose",1221,1221,ty₂₁tjy₂₄,62,t y ²¹ t j y ²⁴,
579,1221-63,Jinman,,"nose",1221,1221,qʰwe₄₂tjɯ₂₁,63,qʰ w e ⁴² t j ɯ ²¹,
580,1221-61,Mazhelong,,"nose",1221,1221,pʰjen₄₂,61,pʰ j e n ⁴²,
581,1221-65,Dashi,,"nose",1221,1221,wɤ₄₂tiǝ₂₁,65,w ɤ ⁴² t iə ²¹,
582,1221-66,Zhoucheng,,"nose",1221,1221,pi₃₁fɤ₄₄ʦɿ₄₄,66,p i ³¹ f ɤ ⁴⁴ ts ɿ ⁴⁴,
583,1221-61,Jinxing,,"nose",1221,1221,pjen₂₁,61,p j e n ²¹,
584,1221-65,Tuolo,,"nose",1221,1221,vɚ₄₂djɯ₃₅,65,v ə˞ ⁴² d j ɯ ³⁵,
585,1221-68,Enqi,,"nose",1221,1221,ʦo₂₁qʰo₂₂tjɯ₂₁,68,ts o ²¹ qʰ o ²² t j ɯ ²¹,
586,1221-64,Ega,,"nose",1221,1221,kʰwɛ₄₂ʨyj₂₁,64,kʰ w ɛ ⁴² tɕ y j ²¹,
587,1240-69,Gongxing,,"not",1240,1240,ɛ₅₅,69,ɛ ⁵⁵,
588,1240-70,Jinman,,"not",1240,1240,a₄₂,70,a ⁴²,
589,1240-71,Mazhelong,,"not",1240,1240,a₃₁mow₃₃,71,a ³¹ m o w ³³,
590,1240-74,Dashi,,"not",1240,1240,ma₃₃xa₅₅,74,m a ³³ x a ⁵⁵,
591,1240-73,Zhoucheng,,"not",1240,1240,mo₃₃,73,m o ³³,
592,1240-72,Jinxing,,"not",1240,1240,ɣa₃₅,72,ɣ a ³⁵,
593,1240-69,Tuolo,,"not",1240,1240,e₃₅,69,e ³⁵,
594,1240-70,Enqi,,"not",1240,1240,a₄₃,70,a ⁴³,
595,1240-70,Ega,,"not",1240,1240,a₄₂,70,a ⁴²,
596,1240-75,Mazhelong,,"not",1240,1240,pu₂₁,75,p u ²¹,
597,1240-71,Dashi,,"not",1240,1240,a₄₂ɣẽ₅₅,71,a ⁴² ɣ ẽ ⁵⁵,
598,1240-70,Tuolo,,"not",1240,1240,a₂₁,70,a ²¹,
599,1493-76,Gongxing,,"one",1493,1493,a₅₅,76,a ⁵⁵,
600,1493-76,Jinman,,"one",1493,1493,a₄₂,76,a ⁴²,
601,1493-76,Mazhelong,,"one",1493,1493,a₂₁,76,a ²¹,
602,1493-77,Dashi,,"one",1493,1493,ji₄₄,77,j i ⁴⁴,
603,1493-76,Zhoucheng,,"one",1493,1493,a₃₁,76,a ³¹,
604,1493-76,Jinxing,,"one",1493,1493,a₄₂,76,a ⁴²,
605,1493-76,Tuolo,,"one",1493,1493,a₂₁,76,a ²¹,
606,1493-77,Enqi,,"one",1493,1493,ji₅₅,77,j i ⁵⁵,
607,1493-76,Ega,,"one",1493,1493,a₄₂,76,a ⁴²,
608,1493-77,Gongxing,,"one",1493,1493,ji₂₄,77,j i ²⁴,
609,1493-77,Mazhelong,,"one",1493,1493,ji₄₂,77,j i ⁴²,
610,1493-77,Zhoucheng,,"one",1493,1493,ji₄₄,77,j i ⁴⁴,
611,1493-77,Jinxing,,"one",1493,1493,ji₄₄,77,j i ⁴⁴,
612,1493-77,Tuolo,,"one",1493,1493,ji₄₂,77,j i ⁴²,
613,1493-76,Enqi,,"one",1493,1493,a₄₃,76,a ⁴³,
614,1493-77,Ega,,"one",1493,1493,ji₅₅,77,j i ⁵⁵,
615,683-78,Gongxing,,"person",683,683,ɲi₁₂,78,ɲ i ¹²,
616,683-78,Jinman,,"person",683,683,ɲi₂₁,78,ɲ i ²¹,
617,683-78,Mazhelong,,"person",683,683,ɲen₂₁,78,ɲ e n ²¹,
618,683-78,Dashi,,"person",683,683,jen₂₁,78,j e n ²¹,
619,683-78,Zhoucheng,,"person",683,683,ɲi₂₁,78,ɲ i ²¹,
620,683-78,Jinxing,,"person",683,683,jen₂₁,78,j e n ²¹,
621,683-78,Tuolo,,"person",683,683,jen₃₅,78,j e n ³⁵,
622,683-79,Enqi,,"person",683,683,ɲi₂₁qa₂₄,79,ɲ i ²¹ q a ²⁴,
623,683-78,Ega,,"person",683,683,ɲi₂₁,78,ɲ i ²¹,
624,658-80,Gongxing,,"rain",658,658,ʐi₂₂,80,ʐ i ²²,
625,658-81,Jinman,,"rain",658,658,ʐɚ₂₂wo₄₂,81,ʐ ə˞ ²² w o ⁴²,
626,658-82,Mazhelong,,"rain",658,658,ju₅₅,82,j u ⁵⁵,
627,658-82,Dashi,,"rain",658,658,wɤ₃₃,82,w ɤ ³³,
628,658-83,Zhoucheng,,"rain",658,658,ow₄₂ɤ₃₃ɕi₄₄,83,o w ⁴² ɤ ³³ ɕ i ⁴⁴,
629,658-82,Jinxing,,"rain",658,658,ɤ₃₃,82,ɤ ³³,
630,658-80,Tuolo,,"rain",658,658,ʐi₃₃,80,ʐ i ³³,
631,658-80,Enqi,,"rain",658,658,zi₂₂,80,z i ²²,
632,658-81,Ega,,"rain",658,658,zɛ₂₂u₄₂,81,z ɛ ²² u ⁴²,
633,658-82,Enqi,,"rain",658,658,u₂₁,82,u ²¹,
634,156-84,Gongxing,,"red",156,156,tʰæ₂₄,84,tʰ æ ²⁴,
635,156-84,Jinman,,"red",156,156,ʈʰa₅₅,84,ʈʰ a ⁵⁵,
636,156-85,Mazhelong,,"red",156,156,xoŋ₃₃,85,x o ŋ ³³,
637,156-84,Dashi,,"red",156,156,t͡ʂʰɚ₄₄,84,ʈʂʰ ə˞ ⁴⁴,
638,156-84,Zhoucheng,,"red",156,156,ʦʰɛ₄₄,84,tsʰ ɛ ⁴⁴,
639,156-84,Jinxing,,"red",156,156,ʦʰa₄₄,84,tsʰ a ⁴⁴,
640,156-84,Tuolo,,"red",156,156,tʰa₄₂,84,tʰ a ⁴²,
641,156-84,Enqi,,"red",156,156,tʰjæ₅₅,84,tʰ j æ ⁵⁵,
642,156-84,Ega,,"red",156,156,ʨʰa₄₄,84,tɕʰ a ⁴⁴,
643,667-86,Gongxing,,"road",667,667,tʰy₂₂,86,tʰ y ²²,
644,667-86,Jinman,,"road",667,667,ʈʰu₂₂,86,ʈʰ u ²²,
645,667-86,Mazhelong,,"road",667,667,tʰǝɯ₃₃,86,tʰ əu ³³,
646,667-86,Dashi,,"road",667,667,tʰu₃₃,86,tʰ u ³³,
647,667-86,Zhoucheng,,"road",667,667,tʰo₃₃,86,tʰ o ³³,
648,667-86,Jinxing,,"road",667,667,tʰu₃₃,86,tʰ u ³³,
649,667-86,Tuolo,,"road",667,667,tʰɤ₃₃,86,tʰ ɤ ³³,
650,667-86,Enqi,,"road",667,667,tʰiw₂₂,86,tʰ i w ²²,
651,667-86,Ega,,"road",667,667,ʨiw₂₂,86,tɕ i w ²²,
652,670-87,Gongxing,,"root",670,670,tɛ₂₄,87,t ɛ ²⁴,
653,670-89,Jinman,,"root",670,670,me₄₂,89,m e ⁴²,
654,670-87,Mazhelong,,"root",670,670,ʦo₃₃,87,ts o ³³,
655,670-87,Dashi,,"root",670,670,te₄₄,87,t e ⁴⁴,
656,670-89,Zhoucheng,,"root",670,670,mi₄₄,89,m i ⁴⁴,
657,670-87,Jinxing,,"root",670,670,te₄₄,87,t e ⁴⁴,
658,670-89,Tuolo,,"root",670,670,mɛ₂₁,89,m ɛ ²¹,
659,670-87,Enqi,,"root",670,670,tɛ₅₅,87,t ɛ ⁵⁵,
660,670-89,Ega,,"root",670,670,mɛ₄₂,89,m ɛ ⁴²,
661,670-87,Jinman,,"root",670,670,te₄₂,87,t e ⁴²,
662,670-89,Dashi,,"root",670,670,mi₄₄,89,m i ⁴⁴,
663,670-89,Enqi,,"root",670,670,mɛ₄₃,89,m ɛ ⁴³,
664,670-87,Ega,,"root",670,670,tɛ₄₂,87,t ɛ ⁴²,
665,1395-90,Gongxing,,"round",1395,1395,wen₁₂,90,w e n ¹²,
666,1395-90,Jinman,,"round",1395,1395,ŋwe₂₁,90,ŋ w e ²¹,
667,1395-90,Mazhelong,,"round",1395,1395,ɣen₂₁,90,ɣ e n ²¹,
668,1395-90,Dashi,,"round",1395,1395,wẽ₃₁,90,w ẽ ³¹,
669,1395-90,Zhoucheng,,"round",1395,1395,we₂₁,90,w e ²¹,
670,1395-90,Jinxing,,"round",1395,1395,wẽ₂₁,90,w ẽ ²¹,
671,1395-90,Tuolo,,"round",1395,1395,wen₃₅,90,w e n ³⁵,
672,1395-90,Enqi,,"round",1395,1395,ʁwɛ₂₁,90,ʁ w ɛ ²¹,
673,1395-91,Ega,,"round",1395,1395,kʰwɛ₄₄,91,kʰ w ɛ ⁴⁴,
674,1274-207,Gongxing,,"salt",1274,1274,ʨwen₅₅,207,tɕ w e n ⁵⁵,
675,1274-207,Jinman,,"salt",1274,1274,ʦwẽ₅₅,207,ts w ẽ ⁵⁵,
676,1274-207,Mazhelong,,"salt",1274,1274,ʦʰoŋ₂₁,207,tsʰ o ŋ ²¹,
677,1274-207,Dashi,,"salt",1274,1274,pjẽ₃₅,207,p j ẽ ³⁵,
678,1274-207,Zhoucheng,,"salt",1274,1274,pi₃₅,207,p i ³⁵,
679,1274-207,Jinxing,,"salt",1274,1274,pjen₅₅,207,p j e n ⁵⁵,
680,1274-207,Tuolo,,"salt",1274,1274,ʨwen₅₅,207,tɕ w e n ⁵⁵,
681,1274-207,Enqi,,"salt",1274,1274,ʦwɛ₂₄,207,ts w ɛ ²⁴,
682,1274-207,Ega,,"salt",1274,1274,ʦwɛ₅₅,207,ts w ɛ ⁵⁵,
683,671-92,Gongxing,,"sand",671,671,swa₅₅,92,s w a ⁵⁵,
684,671-92,Jinman,,"sand",671,671,ɕo₅₅,92,ɕ o ⁵⁵,
685,671-92,Mazhelong,,"sand",671,671,sa₅₅,92,s a ⁵⁵,
686,671-92,Dashi,,"sand",671,671,ʂʰow₅₅,92,ʂʰ o w ⁵⁵,
687,671-92,Zhoucheng,,"sand",671,671,so₅₅,92,s o ⁵⁵,
688,671-92,Jinxing,,"sand",671,671,sow₅₅,92,s o w ⁵⁵,
689,671-92,Tuolo,,"sand",671,671,ɕwɨ₅₅,92,ɕ w ɨ ⁵⁵,
690,671-92,Enqi,,"sand",671,671,ɕo₂₄,92,ɕ o ²⁴,
691,671-93,Ega,,"sand",671,671,ɕo₅₅mi₂₂,93,ɕ o ⁵⁵ m i ²²,
692,1458-94,Gongxing,,"say",1458,1458,ʣu₂₁,94,dz u ²¹,
693,1458-95,Mazhelong,,"say",1458,1458,swa₄₄,95,s w a ⁴⁴,
694,1458-96,Dashi,,"say",1458,1458,ʨaŋ₂₁,96,tɕ a ŋ ²¹,
695,1458-96,Zhoucheng,,"say",1458,1458,swa₄₄,96,s w a ⁴⁴,
696,1458-95,Jinxing,,"say",1458,1458,swɑ₄₄,95,s w ɑ ⁴⁴,
697,1458-94,Tuolo,,"say",1458,1458,zu₄₂,94,z u ⁴²,
698,1458-94,Enqi,,"say",1458,1458,ʦu₂₁,94,ts u ²¹,
699,1458-94,Ega,,"say",1458,1458,ʦo₄₂,94,ts o ⁴²,
700,1458-96,Tuolo,,"say",1458,1458,swa₄₂,96,s w a ⁴²,
701,1409-97,Gongxing,,"see",1409,1409,en₂₂qen₄₂,97,e n ²² q e n ⁴²,
702,1409-99,Jinman,,"see",1409,1409,e₂₂tɯ₄₄,99,e ²² t ɯ ⁴⁴,
703,1409-102,Mazhelong,,"see",1409,1409,xã₅₅kɛ₄₂,102,x ã ⁵⁵ k ɛ ⁴²,
704,1409-97,Dashi,,"see",1409,1409,aŋ₃₃ke₃₁,97,a ŋ ³³ k e ³¹,
705,1409-99,Zhoucheng,,"see",1409,1409,a₃₃tɯ₄₄,99,a ³³ t ɯ ⁴⁴,
706,1409-101,Jinxing,,"see",1409,1409,xɑ̃₅₅,101,x ɑ̃ ⁵⁵,
707,1409-98,Tuolo,,"see",1409,1409,en₃₃qɛ₂₁,98,e n ³³ q ɛ ²¹,
708,1409-100,Enqi,,"see",1409,1409,ɛ₂₂tɯ₅₅la₂₂,100,ɛ ²² t ɯ ⁵⁵ l a ²²,
709,1409-99,Ega,,"see",1409,1409,e₂₂tɯ₄₄,99,e ²² t ɯ ⁴⁴,
710,714-103,Gongxing,,"seed",714,714,ʦoŋ₂₂,103,ts o ŋ ²²,
711,714-103,Jinman,,"seed",714,714,ʨõ₂₂,103,tɕ õ ²²,
712,714-103,Mazhelong,,"seed",714,714,ʦoŋ₃₃,103,ts o ŋ ³³,
713,714-103,Dashi,,"seed",714,714,t͡ʂoŋ₃₃,103,ʈʂ o ŋ ³³,
714,714-103,Zhoucheng,,"seed",714,714,ʦɤ₃₃,103,ts ɤ ³³,
715,714-103,Jinxing,,"seed",714,714,ʦɤ̃₃₃,103,ts ɤ̃ ³³,
716,714-103,Tuolo,,"seed",714,714,t͡ʂɤŋ₃₃,103,ʈʂ ɤ ŋ ³³,
717,714-103,Enqi,,"seed",714,714,ʨo₂₂,103,tɕ o ²²,
718,714-103,Ega,,"seed",714,714,ʨu₂₂,103,tɕ u ²²,
719,1645-208,Gongxing,,"short",1645,1645,ʦʰwa₂₄,208,tsʰ w a ²⁴,
720,1645-208,Jinman,,"short",1645,1645,ʨʰi₅₅,208,tɕʰ i ⁵⁵,
721,1645-208,Mazhelong,,"short",1645,1645,ʦʰǝɯ₅₅,208,tsʰ əu ⁵⁵,
722,1645-208,Dashi,,"short",1645,1645,ʦʰɯ₅₅,208,tsʰ ɯ ⁵⁵,
723,1645-208,Zhoucheng,,"short",1645,1645,ʦʰɯ₅₅,208,tsʰ ɯ ⁵⁵,
724,1645-208,Jinxing,,"short",1645,1645,ʦʰɯ₅₅,208,tsʰ ɯ ⁵⁵,
725,1645-208,Tuolo,,"short",1645,1645,ʦʰɤ₄₂,208,tsʰ ɤ ⁴²,
726,1645-208,Enqi,,"short",1645,1645,ʦʰo₅₅,208,tsʰ o ⁵⁵,
727,1645-208,Ega,,"short",1645,1645,ʨʰi₅₅,208,tɕʰ i ⁵⁵,
728,1416-104,Gongxing,,"sit",1416,1416,kwa₄₂,104,k w a ⁴²,
729,1416-104,Jinman,,"sit",1416,1416,kɤ₄₂,104,k ɤ ⁴²,
730,1416-104,Mazhelong,,"sit",1416,1416,kɤ₄₂,104,k ɤ ⁴²,
731,1416-104,Dashi,,"sit",1416,1416,ko₄₂,104,k o ⁴²,
732,1416-104,Zhoucheng,,"sit",1416,1416,kɤ₄₂,104,k ɤ ⁴²,
733,1416-104,Jinxing,,"sit",1416,1416,kɤ₄₂,104,k ɤ ⁴²,
734,1416-104,Tuolo,,"sit",1416,1416,kɤ₂₁,104,k ɤ ²¹,
735,1416-104,Enqi,,"sit",1416,1416,ku₄₃,104,k u ⁴³,
736,1416-104,Ega,,"sit",1416,1416,kɤ₄₂,104,k ɤ ⁴²,
737,763-105,Gongxing,,"skin",763,763,bi₁₂,105,b i ¹²,
738,763-105,Jinman,,"skin",763,763,ʨyj₂₁,105,tɕ y j ²¹,
739,763-105,Mazhelong,,"skin",763,763,pe₂₁,105,p e ²¹,
740,763-105,Dashi,,"skin",763,763,pe₂₁,105,p e ²¹,
741,763-105,Zhoucheng,,"skin",763,763,pe₂₁,105,p e ²¹,
742,763-105,Jinxing,,"skin",763,763,pe₂₁,105,p e ²¹,
743,763-105,Tuolo,,"skin",763,763,bi₃₅,105,b i ³⁵,
744,763-105,Enqi,,"skin",763,763,pi₂₁,105,p i ²¹,
745,763-106,Ega,,"skin",763,763,ʨyj₂₁qa₅₅,106,tɕ y j ²¹ q a ⁵⁵,
746,1585-107,Gongxing,,"sleep",1585,1585,nɛ₁₂,107,n ɛ ¹²,
747,1585-108,Jinman,,"sleep",1585,1585,wɤ̃₄₂ti₄₂,108,w ɤ̃ ⁴² t i ⁴²,
748,1585-111,Mazhelong,,"sleep",1585,1585,mi₅₅,111,m i ⁵⁵,
749,1585-112,Dashi,,"sleep",1585,1585,t͡ʂʰɚ̃₃₃,112,ʈʂʰ ə̃˞ ³³,
750,1585-112,Zhoucheng,,"sleep",1585,1585,ʦʰɛ₃₃,112,tsʰ ɛ ³³,
751,1585-112,Jinxing,,"sleep",1585,1585,ʦʰan₃₃,112,tsʰ a n ³³,
752,1585-113,Tuolo,,"sleep",1585,1585,ʐa₄₂ma₄₂,113,ʐ a ⁴² m a ⁴²,
753,1585-112,Enqi,,"sleep",1585,1585,ʦʰi₂₂,112,tsʰ i ²²,
754,1585-108,Ega,,"sleep",1585,1585,ŋu₄₂ti₄₂,108,ŋ u ⁴² t i ⁴²,
755,1246-114,Gongxing,,"small",1246,1246,sɛ₄₂,114,s ɛ ⁴²,
756,1246-114,Jinman,,"small",1246,1246,sẽ₄₂,114,s ẽ ⁴²,
757,1246-114,Mazhelong,,"small",1246,1246,sɛ₂₁,114,s ɛ ²¹,
758,1246-114,Dashi,,"small",1246,1246,sʰe₂₁,114,sʰ e ²¹,
759,1246-114,Zhoucheng,,"small",1246,1246,se₃₁,114,s e ³¹,
760,1246-114,Jinxing,,"small",1246,1246,se₃₁,114,s e ³¹,
761,1246-114,Tuolo,,"small",1246,1246,se₂₁,114,s e ²¹,
762,1246-114,Enqi,,"small",1246,1246,sɛ₄₃,114,s ɛ ⁴³,
763,1246-114,Ega,,"small",1246,1246,sɛ₄₂,114,s ɛ ⁴²,
764,778-115,Gongxing,,"smoke",778,778,xwi₂₂ɕi₅₅,115,x w i ²² ɕ i ⁵⁵,
765,778-115,Jinman,,"smoke",778,778,fi₂₂se₅₅,115,f i ²² s e ⁵⁵,
766,778-115,Mazhelong,,"smoke",778,778,fi₃₃ɕen₅₅,115,f i ³³ ɕ e n ⁵⁵,
767,778-115,Dashi,,"smoke",778,778,xwi₃₃ɕen₃₅,115,x w i ³³ ɕ e n ³⁵,
768,778-115,Zhoucheng,,"smoke",778,778,xwi₃₃ɕe₅₅,115,x w i ³³ ɕ e ⁵⁵,
769,778-115,Jinxing,,"smoke",778,778,xwi₃₃ɕen₅₅,115,x w i ³³ ɕ e n ⁵⁵,
770,778-115,Tuolo,,"smoke",778,778,xwe₃₃ɕen₅₅,115,x w e ³³ ɕ e n ⁵⁵,
771,778-115,Enqi,,"smoke",778,778,xwi₂₂si₂₄,115,x w i ²² s i ²⁴,
772,778-115,Ega,,"smoke",778,778,fi₂₂sɛ₅₅,115,f i ²² s ɛ ⁵⁵,
773,730-209,Gongxing,,"snake",730,730,t͡ʂʰi₂₂,209,ʈʂʰ i ²²,
774,730-209,Jinman,,"snake",730,730,ʨʰɚ̃₂₂,209,tɕʰ ə̃˞ ²²,
775,730-209,Mazhelong,,"snake",730,730,ʨʰiw₃₃,209,tɕʰ i w ³³,
776,730-209,Dashi,,"snake",730,730,kʰo₃₃,209,kʰ o ³³,
777,730-209,Zhoucheng,,"snake",730,730,kʰɤ₃₃,209,kʰ ɤ ³³,
778,730-209,Jinxing,,"snake",730,730,kʰɤ₃₃,209,kʰ ɤ ³³,
779,730-209,Tuolo,,"snake",730,730,t͡ʂʰɚ̃₃₃,209,ʈʂʰ ə̃˞ ³³,
780,730-209,Enqi,,"snake",730,730,ʦʰɿ₂₂,209,tsʰ ɿ ²²,
781,730-209,Ega,,"snake",730,730,ʦʰɛ₂₂,209,tsʰ ɛ ²²,
782,1442-116,Gongxing,,"stand",1442,1442,ji₂₁,116,j i ²¹,
783,1442-118,Jinman,,"stand",1442,1442,djõ₂₂,118,d j õ ²²,
784,1442-119,Mazhelong,,"stand",1442,1442,zi₄₂,119,z i ⁴²,
785,1442-118,Dashi,,"stand",1442,1442,t͡ʂɯ₂₁,118,ʈʂ ɯ ²¹,
786,1442-118,Zhoucheng,,"stand",1442,1442,ʦɯ₃₁,118,ts ɯ ³¹,
787,1442-118,Jinxing,,"stand",1442,1442,ʦɯ₃₁,118,ts ɯ ³¹,
788,1442-117,Tuolo,,"stand",1442,1442,ji₄₂kʰɯ₃₃,117,j i ⁴² kʰ ɯ ³³,
789,1442-118,Enqi,,"stand",1442,1442,djɯ₄₃,118,d j ɯ ⁴³,
790,1442-116,Ega,,"stand",1442,1442,ji₄₂,116,j i ⁴²,
791,1442-118,Ega,,"stand",1442,1442,ʥõ₂₂,118,dʑ õ ²²,
792,1430-120,Gongxing,,"star",1430,1430,san₅₅,120,s a n ⁵⁵,
793,1430-120,Jinman,,"star",1430,1430,ɕã₅₅,120,ɕ ã ⁵⁵,
794,1430-120,Mazhelong,,"star",1430,1430,ɕɚ̃₅₅,120,ɕ ə̃˞ ⁵⁵,
795,1430-120,Dashi,,"star",1430,1430,ɕɚ̃₅₅,120,ɕ ə̃˞ ⁵⁵,
796,1430-120,Zhoucheng,,"star",1430,1430,ɕɛ₅₅,120,ɕ ɛ ⁵⁵,
797,1430-120,Jinxing,,"star",1430,1430,ɕan₅₅,120,ɕ a n ⁵⁵,
798,1430-120,Tuolo,,"star",1430,1430,ɕaŋ₅₅,120,ɕ a ŋ ⁵⁵,
799,1430-120,Enqi,,"star",1430,1430,ɕæ₂₄,120,ɕ æ ²⁴,
800,1430-120,Ega,,"star",1430,1430,ɕa₅₅,120,ɕ a ⁵⁵,
801,857-122,Gongxing,,"stone",857,857,ʣu₂₁qʰwɛ₅₅,122,dz u ²¹ qʰ w ɛ ⁵⁵,
802,857-121,Jinman,,"stone",857,857,ʈo₂₁,121,ʈ o ²¹,
803,857-121,Mazhelong,,"stone",857,857,ʦʰɤ₄₂,121,tsʰ ɤ ⁴²,
804,857-121,Dashi,,"stone",857,857,t͡ʂow₄₂,121,ʈʂ o w ⁴²,
805,857-121,Zhoucheng,,"stone",857,857,ʦow₄₂,121,ts o w ⁴²,
806,857-121,Jinxing,,"stone",857,857,ʦow₄₂,121,ts o w ⁴²,
807,857-121,Tuolo,,"stone",857,857,diw₄₂,121,d i w ⁴²,
808,857-121,Enqi,,"stone",857,857,tiw₂₁,121,t i w ²¹,
809,857-121,Ega,,"stone",857,857,ʨiw₄₂,121,tɕ i w ⁴²,
810,857-123,Jinman,,"stone",857,857,da₄₂ŋã₂₁,123,d a ⁴² ŋ ã ²¹,
811,1343-124,Gongxing,,"sun",1343,1343,ɲi₂₄,124,ɲ i ²⁴,
812,1343-124,Jinman,,"sun",1343,1343,ɲi₅₅,124,ɲ i ⁵⁵,
813,1343-124,Mazhelong,,"sun",1343,1343,ɲɛ₄₄,124,ɲ ɛ ⁴⁴,
814,1343-124,Dashi,,"sun",1343,1343,jen₄₄,124,j e n ⁴⁴,
815,1343-124,Zhoucheng,,"sun",1343,1343,mi₄₄,124,m i ⁴⁴,
816,1343-124,Jinxing,,"sun",1343,1343,jjen₄₄,124,jː e n ⁴⁴,
817,1343-124,Tuolo,,"sun",1343,1343,jjen₄₂,124,jː e n ⁴²,
818,1343-124,Enqi,,"sun",1343,1343,ɲi₅₅,124,ɲ i ⁵⁵,
819,1343-124,Ega,,"sun",1343,1343,ɲi₄₄,124,ɲ i ⁴⁴,
820,1439-125,Gongxing,,"swim",1439,1439,ɕi₂₂qoŋ₅₅,125,ɕ i ²² q o ŋ ⁵⁵,
821,1439-128,Jinman,,"swim",1439,1439,ɕyj₂₂lu₂₁,128,ɕ y j ²² l u ²¹,
822,1439-130,Mazhelong,,"swim",1439,1439,ʦʰɛ₃₁ɕu₃₃si₅₅,130,tsʰ ɛ ³¹ ɕ u ³³ s i ⁵⁵,
823,1439-126,Dashi,,"swim",1439,1439,se₃₃pe₂₁,126,s e ³³ p e ²¹,
824,1439-127,Zhoucheng,,"swim",1439,1439,se₃₃ʦʰi₅₅kʰow₅₅,127,s e ³³ tsʰ i ⁵⁵ kʰ o w ⁵⁵,
825,1439-126,Jinxing,,"swim",1439,1439,se₃₃pe₂₁,126,s e ³³ p e ²¹,
826,1439-132,Tuolo,,"swim",1439,1439,fɤ₃₅ɕyj₃₃,132,f ɤ ³⁵ ɕ y j ³³,
827,1439-125,Enqi,,"swim",1439,1439,sɛ₂₄ɕyj₂₂,125,s ɛ ²⁴ ɕ y j ²²,
828,1439-129,Ega,,"swim",1439,1439,ɕyj₂₂qu₅₅,129,ɕ y j ²² q u ⁵⁵,
829,1220-133,Gongxing,,"tail",1220,1220,mu₂₂qwa₂₄,133,m u ²² q w a ²⁴,
830,1220-133,Jinman,,"tail",1220,1220,mo₂₂qwa₄₄,133,m o ²² q w a ⁴⁴,
831,1220-134,Mazhelong,,"tail",1220,1220,mi₃₃,134,m i ³³,
832,1220-136,Dashi,,"tail",1220,1220,wɤ₃₃to₅₅,136,w ɤ ³³ t o ⁵⁵,
833,1220-135,Zhoucheng,,"tail",1220,1220,mi₄₂tu₃₅,135,m i ⁴² t u ³⁵,
834,1220-136,Jinxing,,"tail",1220,1220,ɤ̃₃₃tɤ̃₅₅,136,ɤ̃ ³³ t ɤ̃ ⁵⁵,
835,1220-133,Tuolo,,"tail",1220,1220,mɔ₄₂qɔ₄₂,133,m ɔ ⁴² q ɔ ⁴²,
836,1220-133,Enqi,,"tail",1220,1220,mæ₂₂qwa₅₅,133,m æ ²² q w a ⁵⁵,
837,1220-133,Ega,,"tail",1220,1220,mu₂₂qwa₄₄,133,m u ²² q w a ⁴⁴,
838,78-137,Gongxing,,"that",78,78,twa₅₅ɣǝ₂₁,137,t w a ⁵⁵ ɣ ə ²¹,
839,78-138,Jinman,,"that",78,78,tõ₅₅,138,t õ ⁵⁵,
840,78-140,Mazhelong,,"that",78,78,pu₃₃ʦoŋ₂₁,140,p u ³³ ts o ŋ ²¹,
841,78-141,Dashi,,"that",78,78,na₅₅,141,n a ⁵⁵,
842,78-142,Zhoucheng,,"that",78,78,na₅₅wi₃₃,142,n a ⁵⁵ w i ³³,
843,78-141,Jinxing,,"that",78,78,no₅₅,141,n o ⁵⁵,
844,78-139,Tuolo,,"that",78,78,bo₂₁,139,b o ²¹,
845,78-143,Enqi,,"that",78,78,vɯ₄₃,143,v ɯ ⁴³,
846,78-144,Ega,,"that",78,78,a₅₅po₂₁,144,a ⁵⁵ p o ²¹,
847,78-145,Jinxing,,"that",78,78,lo₅₅,145,l o ⁵⁵,
848,1400-210,Gongxing,,"thin",1400,1400,bwa₂₁,210,b w a ²¹,
849,1400-210,Jinman,,"thin",1400,1400,po₄₂,210,p o ⁴²,
850,1400-210,Mazhelong,,"thin",1400,1400,pʰo₄₂,210,pʰ o ⁴²,
851,1400-210,Dashi,,"thin",1400,1400,pow₄₂,210,p o w ⁴²,
852,1400-210,Zhoucheng,,"thin",1400,1400,pow₄₂,210,p o w ⁴²,
853,1400-210,Jinxing,,"thin",1400,1400,pow₄₂,210,p o w ⁴²,
854,1400-210,Tuolo,,"thin",1400,1400,bɯ₄₂,210,b ɯ ⁴²,
855,1400-210,Enqi,,"thin",1400,1400,pɯ₂₁,210,p ɯ ²¹,
856,1400-210,Ega,,"thin",1400,1400,pu₄₂,210,p u ⁴²,
857,1214-146,Gongxing,,"this",1214,1214,ɣǝ₂₁,146,ɣ ə ²¹,
858,1214-148,Jinman,,"this",1214,1214,nõ₅₅,148,n õ ⁵⁵,
859,1214-149,Mazhelong,,"this",1214,1214,ne₃₃ʦoŋ₂₁,149,n e ³³ ts o ŋ ²¹,
860,1214-151,Dashi,,"this",1214,1214,a₅₅ta₃₃,151,a ⁵⁵ t a ³³,
861,1214-153,Zhoucheng,,"this",1214,1214,te₃₃le₃₁,153,t e ³³ l e ³¹,
862,1214-154,Jinxing,,"this",1214,1214,lɯ₃₁,154,l ɯ ³¹,
863,1214-152,Tuolo,,"this",1214,1214,djɯ₂₁,152,d j ɯ ²¹,
864,1214-148,Enqi,,"this",1214,1214,nɯ₅₅,148,n ɯ ⁵⁵,
865,1214-150,Ega,,"this",1214,1214,a₅₅na₂₄,150,a ⁵⁵ n a ²⁴,
866,1214-154,Mazhelong,,"this",1214,1214,lɛ₄₂,154,l ɛ ⁴²,
867,1215-155,Gongxing,,"thou",1215,1215,na₄₂,155,n a ⁴²,
868,1215-155,Jinman,,"thou",1215,1215,no₄₂,155,n o ⁴²,
869,1215-155,Mazhelong,,"thou",1215,1215,nen₄₂,155,n e n ⁴²,
870,1215-155,Dashi,,"thou",1215,1215,nõ₃₁,155,n õ ³¹,
871,1215-155,Zhoucheng,,"thou",1215,1215,no₃₁,155,n o ³¹,
872,1215-155,Jinxing,,"thou",1215,1215,now₃₁,155,n o w ³¹,
873,1215-155,Tuolo,,"thou",1215,1215,nɔ₂₁,155,n ɔ ²¹,
874,1215-155,Enqi,,"thou",1215,1215,no₄₃,155,n o ⁴³,
875,1215-155,Ega,,"thou",1215,1215,no₄₂,155,n o ⁴²,
876,1205-156,Gongxing,,"tongue",1205,1205,djɛ₂₁,156,d j ɛ ²¹,
877,1205-156,Jinman,,"tongue",1205,1205,ʈɚ₄₂,156,ʈ ə˞ ⁴²,
878,1205-156,Mazhelong,,"tongue",1205,1205,ʦʰɛ₄₂,156,tsʰ ɛ ⁴²,
879,1205-156,Dashi,,"tongue",1205,1205,t͡ʂe₄₂,156,ʈʂ e ⁴²,
880,1205-156,Zhoucheng,,"tongue",1205,1205,ʦe₄₂,156,ts e ⁴²,
881,1205-156,Jinxing,,"tongue",1205,1205,ʦe₄₂,156,ts e ⁴²,
882,1205-156,Tuolo,,"tongue",1205,1205,de₄₂,156,d e ⁴²,
883,1205-156,Enqi,,"tongue",1205,1205,tjɛ₂₁,156,t j ɛ ²¹,
884,1205-157,Ega,,"tongue",1205,1205,ti₂₁pʰɛ₄₂,157,t i ²¹ pʰ ɛ ⁴²,
885,1380-158,Gongxing,,"tooth",1380,1380,xu₅₅ja₂₁,158,x u ⁵⁵ j a ²¹,
886,1380-161,Jinman,,"tooth",1380,1380,ʨu₂₂pa₄₄,161,tɕ u ²² p a ⁴⁴,
887,1380-161,Mazhelong,,"tooth",1380,1380,ʦi₃₃pɑ₄₄,161,ts i ³³ p ɑ ⁴⁴,
888,1380-161,Dashi,,"tooth",1380,1380,t͡ʂʰi₄₄pa₄₄,161,ʈʂʰ i ⁴⁴ p a ⁴⁴,
889,1380-161,Zhoucheng,,"tooth",1380,1380,ʦi₃₃pa₄₄,161,ts i ³³ p a ⁴⁴,
890,1380-161,Jinxing,,"tooth",1380,1380,ʦɤ₄₄pɑ₄₄,161,ts ɤ ⁴⁴ p ɑ ⁴⁴,
891,1380-159,Tuolo,,"tooth",1380,1380,jaŋ₃₅,159,j a ŋ ³⁵,
892,1380-163,Enqi,,"tooth",1380,1380,qʰwa₂₂ɲa₂₁,163,qʰ w a ²² ɲ a ²¹,
893,1380-162,Ega,,"tooth",1380,1380,ʨu₂₂pa₄₄qwa₄₄,162,tɕ u ²² p a ⁴⁴ q w a ⁴⁴,
894,1380-161,Gongxing,,"tooth",1380,1380,t͡ʂi₂₁pa₂₄,161,ʈʂ i ²¹ p a ²⁴,
895,1380-161,Tuolo,,"tooth",1380,1380,ʨu₄₂po₄₂,161,tɕ u ⁴² p o ⁴²,
896,1380-161,Enqi,,"tooth",1380,1380,ʨu₂₂pa₅₅,161,tɕ u ²² p a ⁵⁵,
897,906-164,Gongxing,,"tree",906,906,d͡ʐi₄₂,164,ɖʐ i ⁴²,
898,906-164,Jinman,,"tree",906,906,ɖɯ₄₂,164,ɖ ɯ ⁴²,
899,906-164,Mazhelong,,"tree",906,906,ʣǝɯ₂₁,164,dz əu ²¹,
900,906-164,Dashi,,"tree",906,906,t͡ʂɯ₂₁,164,ʈʂ ɯ ²¹,
901,906-164,Zhoucheng,,"tree",906,906,ʦɯ₃₁,164,ts ɯ ³¹,
902,906-164,Jinxing,,"tree",906,906,ʦɯ₃₁,164,ts ɯ ³¹,
903,906-164,Tuolo,,"tree",906,906,djɯ₂₁,164,d j ɯ ²¹,
904,906-164,Enqi,,"tree",906,906,djɯ₄₃,164,d j ɯ ⁴³,
905,906-164,Ega,,"tree",906,906,ʥi₄₂,164,dʑ i ⁴²,
906,1498-165,Gongxing,,"two",1498,1498,koŋ₃₃,165,k o ŋ ³³,
907,1498-165,Jinman,,"two",1498,1498,koŋ₃₃,165,k o ŋ ³³,
908,1498-165,Mazhelong,,"two",1498,1498,koŋ₃₃,165,k o ŋ ³³,
909,1498-165,Dashi,,"two",1498,1498,koŋ₃₃,165,k o ŋ ³³,
910,1498-165,Zhoucheng,,"two",1498,1498,kow₃₃,165,k o w ³³,
911,1498-165,Jinxing,,"two",1498,1498,kõ₃₃,165,k õ ³³,
912,1498-165,Tuolo,,"two",1498,1498,koŋ₃₃,165,k o ŋ ³³,
913,1498-165,Enqi,,"two",1498,1498,ku₂₂,165,k u ²²,
914,1498-165,Ega,,"two",1498,1498,kɤ₃₃,165,k ɤ ³³,
915,1443-166,Gongxing,,"walk(go)",1443,1443,ʁan₁₂,166,ʁ a n ¹²,
916,1443-167,Jinman,,"walk(go)",1443,1443,ja₅₅,167,j a ⁵⁵,
917,1443-166,Mazhelong,,"walk(go)",1443,1443,ɣaŋ₂₁,166,ɣ a ŋ ²¹,
918,1443-168,Dashi,,"walk(go)",1443,1443,pe₄₄,168,p e ⁴⁴,
919,1443-168,Zhoucheng,,"walk(go)",1443,1443,pe₄₄,168,p e ⁴⁴,
920,1443-168,Jinxing,,"walk(go)",1443,1443,pe₄₄,168,p e ⁴⁴,
921,1443-167,Tuolo,,"walk(go)",1443,1443,jɔ₄₂,167,j ɔ ⁴²,
922,1443-169,Enqi,,"walk(go)",1443,1443,ɴa₂₁,169,ɴ a ²¹,
923,1443-169,Ega,,"walk(go)",1443,1443,ŋa₂₁,169,ŋ a ²¹,
924,1443-169,Tuolo,,"walk(go)",1443,1443,ŋa₃₅,169,ŋ a ³⁵,
925,1232-170,Gongxing,,"warm",1232,1232,ɲi₂₄,170,ɲ i ²⁴,
926,1232-170,Jinman,,"warm",1232,1232,ɲi₄₄,170,ɲ i ⁴⁴,
927,1232-170,Mazhelong,,"warm",1232,1232,ɲɛ₄₄,170,ɲ ɛ ⁴⁴,
928,1232-170,Dashi,,"warm",1232,1232,jen₄₄,170,j e n ⁴⁴,
929,1232-170,Zhoucheng,,"warm",1232,1232,ɲe₄₄,170,ɲ e ⁴⁴,
930,1232-170,Jinxing,,"warm",1232,1232,jẽ₄₄,170,j ẽ ⁴⁴,
931,1232-170,Tuolo,,"warm",1232,1232,jen₄₂,170,j e n ⁴²,
932,1232-170,Enqi,,"warm",1232,1232,ɲi₅₅,170,ɲ i ⁵⁵,
933,1232-170,Ega,,"warm",1232,1232,ɲi₄₄,170,ɲ i ⁴⁴,
934,948-172,Gongxing,,"water",948,948,ɕy₂₂,172,ɕ y ²²,
935,948-172,Jinman,,"water",948,948,ɕyj₂₂,172,ɕ y j ²²,
936,948-172,Mazhelong,,"water",948,948,ɕyj₃₃,172,ɕ y j ³³,
937,948-172,Dashi,,"water",948,948,ɕuj₃₃,172,ɕ u j ³³,
938,948-172,Zhoucheng,,"water",948,948,ɕyj₃₃,172,ɕ y j ³³,
939,948-172,Jinxing,,"water",948,948,ɕyj₃₃,172,ɕ y j ³³,
940,948-172,Tuolo,,"water",948,948,ɕyj₃₃,172,ɕ y j ³³,
941,948-172,Enqi,,"water",948,948,ɕyj₂₂,172,ɕ y j ²²,
942,948-172,Ega,,"water",948,948,ɕyj₂₂,172,ɕ y j ²²,
943,1212-173,Gongxing,,"we",1212,1212,ʁaŋ₂₄,173,ʁ a ŋ ²⁴,
944,1212-175,Jinman,,"we",1212,1212,ɲa₂₁t͡ʂɚ₂₂,175,ɲ a ²¹ ʈʂ ə˞ ²²,
945,1212-176,Mazhelong,,"we",1212,1212,ŋa₅₅xo₃₃,176,ŋ a ⁵⁵ x o ³³,
946,1212-174,Dashi,,"we",1212,1212,ɲã₅₅,174,ɲ ã ⁵⁵,
947,1212-174,Zhoucheng,,"we",1212,1212,ɲa₅₅,174,ɲ a ⁵⁵,
948,1212-174,Jinxing,,"we",1212,1212,jɑ̃₅₅,174,j ɑ̃ ⁵⁵,
949,1212-177,Tuolo,,"we",1212,1212,a₅₅ŋɔ₂₁,177,a ⁵⁵ ŋ ɔ ²¹,
950,1212-178,Enqi,,"we",1212,1212,a₅₅ʁo₂₁,178,a ⁵⁵ ʁ o ²¹,
951,1212-176,Ega,,"we",1212,1212,ɲo₂₁ɣo₂₂,176,ɲ o ²¹ ɣ o ²²,
952,1212-176,Gongxing,,"we",1212,1212,ŋa₄₂xõ₂₂,176,ŋ a ⁴² x õ ²²,
953,1212-174,Jinman,,"we",1212,1212,mi₅₅,174,m i ⁵⁵,
954,1212-174,Jinxing,,"we",1212,1212,ŋɑ₅₅,174,ŋ ɑ ⁵⁵,
955,1212-179,Tuolo,,"we",1212,1212,we₅₅,179,w e ⁵⁵,
956,1212-180,Enqi,,"we",1212,1212,wi₂₄ʦɿ₂₁,180,w i ²⁴ ts ɿ ²¹,
957,1212-174,Ega,,"we",1212,1212,ŋwi₅₅,174,ŋ w i ⁵⁵,
958,1236-181,Gongxing,,"what",1236,1236,a₅₅qʰa₅₅,181,a ⁵⁵ qʰ a ⁵⁵,
959,1236-181,Jinman,,"what",1236,1236,a₅₅xã₄₂,181,a ⁵⁵ x ã ⁴²,
960,1236-182,Mazhelong,,"what",1236,1236,a₅₅se₅₅,182,a ⁵⁵ s e ⁵⁵,
961,1236-181,Dashi,,"what",1236,1236,ɚ₅₅xɚ₄₂,181,ə˞ ⁵⁵ x ə˞ ⁴²,
962,1236-183,Zhoucheng,,"what",1236,1236,xa₃₁le₃₁,183,x a ³¹ l e ³¹,
963,1236-181,Jinxing,,"what",1236,1236,ɑ₅₅xan₃₁,181,ɑ ⁵⁵ x a n ³¹,
964,1236-181,Tuolo,,"what",1236,1236,a₅₅haŋ₂₁,181,a ⁵⁵ h a ŋ ²¹,
965,1236-181,Enqi,,"what",1236,1236,a₅₅χa₅₅,181,a ⁵⁵ χ a ⁵⁵,
966,1236-181,Ega,,"what",1236,1236,a₅₅xa₄₂,181,a ⁵⁵ x a ⁴²,
967,1335-184,Gongxing,,"white",1335,1335,bæ₂₁,184,b æ ²¹,
968,1335-184,Jinman,,"white",1335,1335,pa₄₂,184,p a ⁴²,
969,1335-184,Mazhelong,,"white",1335,1335,pʰɚ₄₂,184,pʰ ə˞ ⁴²,
970,1335-184,Dashi,,"white",1335,1335,pɚ₄₂,184,p ə˞ ⁴²,
971,1335-184,Zhoucheng,,"white",1335,1335,pɛ₄₂,184,p ɛ ⁴²,
972,1335-184,Jinxing,,"white",1335,1335,pa₄₂,184,p a ⁴²,
973,1335-184,Tuolo,,"white",1335,1335,ba₄₂,184,b a ⁴²,
974,1335-184,Enqi,,"white",1335,1335,pa₂₁,184,p a ²¹,
975,1335-184,Ega,,"white",1335,1335,pa₄₂,184,p a ⁴²,
976,1235-186,Gongxing,,"who",1235,1235,a₂₂ma₅₅bu₂₂ɲǝn₂₄,186,a ²² m a ⁵⁵ b u ²² ɲ ə n ²⁴,
977,1235-185,Jinman,,"who",1235,1235,a₅₅ma₅₅,185,a ⁵⁵ m a ⁵⁵,
978,1235-188,Mazhelong,,"who",1235,1235,a₅₅to₃₃,188,a ⁵⁵ t o ³³,
979,1235-187,Dashi,,"who",1235,1235,a₅₅ma₃₃tjɯ₃₁,187,a ⁵⁵ m a ³³ t j ɯ ³¹,
980,1235-189,Zhoucheng,,"who",1235,1235,a₅₅ɲi₂₁,189,a ⁵⁵ ɲ i ²¹,
981,1235-188,Jinxing,,"who",1235,1235,ɑ₃₁tow₃₁,188,ɑ ³¹ t o w ³¹,
982,1235-188,Tuolo,,"who",1235,1235,a₂₁do₃₅,188,a ²¹ d o ³⁵,
983,1235-188,Enqi,,"who",1235,1235,a₄₃to₂₁,188,a ⁴³ t o ²¹,
984,1235-188,Ega,,"who",1235,1235,a₅₅to₂₁,188,a ⁵⁵ t o ²¹,
985,1235-190,Jinxing,,"who",1235,1235,ɑ₅₅nɑ̃₄₄jen₂₁,190,ɑ ⁵⁵ n ɑ̃ ⁴⁴ j e n ²¹,
986,960-211,Gongxing,,"wind",960,960,ʨwen₅₅,211,tɕ w e n ⁵⁵,
987,960-211,Jinman,,"wind",960,960,ʨyj₅₅,211,tɕ y j ⁵⁵,
988,960-211,Mazhelong,,"wind",960,960,pjen₅₅,211,p j e n ⁵⁵,
989,960-211,Dashi,,"wind",960,960,pjɛ̃₃₅,211,p j ɛ̃ ³⁵,
990,960-211,Zhoucheng,,"wind",960,960,pi₃₅,211,p i ³⁵,
991,960-211,Jinxing,,"wind",960,960,pi₅₅,211,p i ⁵⁵,
992,960-211,Tuolo,,"wind",960,960,ʨwen₅₅,211,tɕ w e n ⁵⁵,
993,960-211,Enqi,,"wind",960,960,ʦwɛ₂₄,211,ts w ɛ ²⁴,
994,960-211,Ega,,"wind",960,960,ʨyj₅₅,211,tɕ y j ⁵⁵,
995,962-193,Jinman,,"woman",962,962,ɲu₂₂ɲi₂₁ʦi₂₂,193,ɲ u ²² ɲ i ²¹ ts i ²²,
996,962-197,Mazhelong,,"woman",962,962,ɲõ₃₃ɲĩ₂₁,197,ɲ õ ³³ ɲ ĩ ²¹,
997,962-195,Dashi,,"woman",962,962,jũ₃₃lã₄₂,195,j ũ ³³ l ã ⁴²,
998,962-192,Zhoucheng,,"woman",962,962,ɲɤ₃₃,192,ɲ ɤ ³³,
999,962-196,Jinxing,,"woman",962,962,jɤ̃₃₃jen₂₁jen₂₁,196,j ɤ̃ ³³ j e n ²¹ j e n ²¹,
1000,962-198,Tuolo,,"woman",962,962,jen₃₅hoŋ₅₅mo₃₃,198,j e n ³⁵ h o ŋ ⁵⁵ m o ³³,
1001,962-194,Ega,,"woman",962,962,ɲyj₂₂ʦi₂₂,194,ɲ y j ²² ts i ²²,
1002,1219-212,Gongxing,,"worm",1219,1219,ʣwa₁₂,212,dz w a ¹²,
1003,1219-212,Jinman,,"worm",1219,1219,ʨu₂₁,212,tɕ u ²¹,
1004,1219-212,Mazhelong,,"worm",1219,1219,ʣõ₂₁,212,dz õ ²¹,
1005,1219-212,Dashi,,"worm",1219,1219,t͡ʂo₂₁,212,ʈʂ o ²¹,
1006,1219-212,Zhoucheng,,"worm",1219,1219,ʦɤ₂₁,212,ts ɤ ²¹,
1007,1219-212,Jinxing,,"worm",1219,1219,ʦɤ₂₁,212,ts ɤ ²¹,
1008,1219-212,Tuolo,,"worm",1219,1219,ʐɤ₃₅,212,ʐ ɤ ³⁵,
1009,1219-212,Enqi,,"worm",1219,1219,ʨo₂₁,212,tɕ o ²¹,
1010,1219-212,Ega,,"worm",1219,1219,ʨu₂₁,212,tɕ u ²¹,
1011,1226-213,Gongxing,,"year",1226,1226,swa₂₄,213,s w a ²⁴,
1012,1226-213,Jinman,,"year",1226,1226,swa₅₅,213,s w a ⁵⁵,
1013,1226-213,Mazhelong,,"year",1226,1226,swa₄₄,213,s w a ⁴⁴,
1014,1226-213,Dashi,,"year",1226,1226,sʰwa₄₄,213,sʰ w a ⁴⁴,
1015,1226-213,Zhoucheng,,"year",1226,1226,swa₄₄,213,s w a ⁴⁴,
1016,1226-213,Jinxing,,"year",1226,1226,swɑ₄₄,213,s w ɑ ⁴⁴,
1017,1226-213,Tuolo,,"year",1226,1226,swɔ₄₂,213,s w ɔ ⁴²,
1018,1226-213,Enqi,,"year",1226,1226,swa₅₅,213,s w a ⁵⁵,
1019,1226-213,Ega,,"year",1226,1226,swa₄₄,213,s w a ⁴⁴,
1020,1424-199,Gongxing,,"yellow",1424,1424,ʁaŋ₁₂,199,ʁ a ŋ ¹²,
1021,1424-199,Jinman,,"yellow",1424,1424,õ₂₁,199,õ ²¹,
1022,1424-199,Mazhelong,,"yellow",1424,1424,ɣoŋ₂₁,199,ɣ o ŋ ²¹,
1023,1424-199,Dashi,,"yellow",1424,1424,wɤ̃₂₁,199,w ɤ̃ ²¹,
1024,1424-199,Zhoucheng,,"yellow",1424,1424,ŋɤ₂₁,199,ŋ ɤ ²¹,
1025,1424-199,Jinxing,,"yellow",1424,1424,ɤ̃₂₁,199,ɤ̃ ²¹,
1026,1424-199,Tuolo,,"yellow",1424,1424,ŋoŋ₃₅,199,ŋ o ŋ ³⁵,
1027,1424-199,Enqi,,"yellow",1424,1424,ʁo₂₁,199,ʁ o ²¹,
1028,1424-199,Ega,,"yellow",1424,1424,ŋõ₂₁,199,ŋ õ ²¹,
